Workbook

Sheet Vorlage
B2: Kommissioniersystem
B4: Linke Seite
B6: Blue Wedge 2 x 1 x 2/3 Left | E6: Blue Tile, Modified Facet 2 x 2 | H6: Blue Slope, Curved 4 x 1 x 2/3 Double | K6: Blue Slope, Curved 4 x 1 | N6: Blue Slope, Curved 2 x 1 x 2/3 | Q6: Blue Plate 1 x 2 | T6: Blue Brick, Modified 1 x 1 with Headlight
B7: #VALUE! | C7: Nr. | D7: 6172414 | E7: #VALUE! | F7: Nr. | G7: 6333512 | H7: #VALUE! | I7: Nr. | J7: 4649773 | K7: #VALUE! | L7: Nr. | M7: 6045938 | N7: #VALUE! | O7: Nr. | P7: 6055065 | Q7: #VALUE! | R7: Nr. | S7: 302323 | T7: #VALUE! | U7: Nr. | V7: 407023
C8: Gewicht | D8: 0.2242 | F8: Gewicht | G8: 0.3504 | I8: Gewicht | J8: 0.589 | L8: Gewicht | M8: 0.7661 | O8: Gewicht | P8: 0.306 | R8: Gewicht | S8: 0.334 | U8: Gewicht | V8: 0.3406
C9: Anzahl | D9: 0 | F9: Anzahl | G9: 0 | I9: Anzahl | J9: 0 | L9: Anzahl | M9: 0 | O9: Anzahl | P9: 0 | R9: Anzahl | S9: 0 | U9: Anzahl | V9: 0
B11: Trans-Clear Slope 30 1 x 1 x 2/3 | E11: Black Plate, Round 1 x 1 | H11: Blue Slope 30 1 x 1 x 2/3 | K11: Blue Tile, Round 1 x 1 Quarter | N11: Black Tile 1 x 1 with Groove | Q11: Part 36841 Bracket 1 x 1 - 1 x 1 | T11: Blue Plate 2 x 2 Corner
B12: #VALUE! | C12: Nr. | D12: 6245250 | E12: #VALUE! | F12: Nr. | G12: 614126 | H12: #VALUE! | I12: Nr. | J12: 4296154 | K12: #VALUE! | L12: Nr. | M12: 6302961 | N12: #VALUE! | O12: Nr. | P12: 307026 | Q12: #VALUE! | R12: Nr. | S12: 6299338 | T12: #VALUE! | U12: Nr. | V12: 242023
C13: Gewicht | D13: 0.2116 | F13: Gewicht | G13: 0.1083 | I13: Gewicht | J13: 0.1835 | L13: Gewicht | M13: 0.1066 | O13: Gewicht | P13: 0.1436 | R13: Gewicht | S13: 0.2834 | U13: Gewicht | V13: 0.4974
C14: Anzahl | D14: 0 | F14: Anzahl | G14: 0 | I14: Anzahl | J14: 0 | L14: Anzahl | M14: 0 | O14: Anzahl | P14: 0 | R14: Anzahl | S14: 0 | U14: Anzahl | V14: 0
B16: White Plate 1 x 2 | E16: White Plate 2 x 3 | H16: Yellow Plate, Round 1 x 1 | K16: Light Bluish Gray Plate, Modified with Wheel Holder | N16: Black Bracket 1 x 2 - 1 x 2 | Q16: Black Plate 3 x 3 | T16: Blue Slope 30 1 x 2 x 2/3
B17: #VALUE! | C17: Nr. | D17: 302301 | E17: #VALUE! | F17: Nr. | G17: 302101 | H17: #VALUE! | I17: Nr. | J17: 614124 | K17: #VALUE! | L17: Nr. | M17: 6125569 | N17: #VALUE! | O17: Nr. | P17: 6016172 | Q17: #VALUE! | R17: Nr. | S17: 6174917 | T17: #VALUE! | U17: Nr. | V17: 4651236
C18: Gewicht | D18: 0.3367 | F18: Gewicht | G18: 0.8767 | I18: Gewicht | J18: 0.1088 | L18: Gewicht | M18: 0.4478 | O18: Gewicht | P18: 0.5403 | R18: Gewicht | S18: 1.2561 | U18: Gewicht | V18: 0.2736
C19: Anzahl | D19: 0 | F19: Anzahl | G19: 0 | I19: Anzahl | J19: 0 | L19: Anzahl | M19: 0 | O19: Anzahl | P19: 0 | R19: Anzahl | S19: 0 | U19: Anzahl | V19: 0
B21: Red Bracket 1 x 2 - 1 x 4 with Two Rounded Corners at the Bottom | E21: Trans-Red Tile, Modified 1 x 2 Grille with Bottom Groove / Lip | H21: Red Tile, Round 1 x 1 Quarter | K21: Red Tile, Modified 2 x 2 with Studs on Edge | N21: Red Slope, Curved 2 x 1 x 2/3 | Q21: Red Slope 45 2 x 1 with 2/3 Cutout | T21: Red Plate 1 x 4
B22: #VALUE! | C22: Nr. | D22: 6168619 | E22: #VALUE! | F22: Nr. | G22: 6250158 | H22: #VALUE! | I22: Nr. | J22: 6170390 | K22: #VALUE! | L22: Nr. | M22: 6219819 | N22: #VALUE! | O22: Nr. | P22: 6029946 | Q22: #VALUE! | R22: Nr. | S22: 6053011 | T22: #VALUE! | U22: Nr. | V22: 371021
C23: Gewicht | D23: 0.7817 | F23: Gewicht | G23: 0.2397 | I23: Gewicht | J23: 0.1071 | L23: Gewicht | M23: 0.5492 | O23: Gewicht | P23: 0.3011 | R23: Gewicht | S23: 0.4087 | U23: Gewicht | V23: 0.6503
C24: Anzahl | D24: 0 | F24: Anzahl | G24: 0 | I24: Anzahl | J24: 0 | L24: Anzahl | M24: 0 | O24: Anzahl | P24: 0 | R24: Anzahl | S24: 0 | U24: Anzahl | V24: 0
B26: White Tile, Round 1 x 1 Half Circle Extended | E26: Light Bluish Gray Tile 1 x 1 with Groove | H26: Blue Wedge, Plate 2 x 2 Right | K26: Blue Wedge, Plate 2 x 2 Left | N26: Blue Tile 2 x 2 with Groove | Q26: Red Plate 1 x 2 | T26: Blue Wedge 2 x 1 x 2/3 Right
B27: #VALUE! | C27: Nr. | D27: 6131655 | E27: #VALUE! | F27: Nr. | G27: 4211415 | H27: #VALUE! | I27: Nr. | J27: 6189202 | K27: #VALUE! | L27: Nr. | M27: 6189198 | N27: #VALUE! | O27: Nr. | P27: 306823 | Q27: #VALUE! | R27: Nr. | S27: 302321 | T27: #VALUE! | U27: Nr. | V27: 6172411
C28: Gewicht | D28: 0.1257 | F28: Gewicht | G28: 0.1418 | I28: Gewicht | J28: 0.4511 | L28: Gewicht | M28: 0.4535 | O28: Gewicht | P28: 0.4796 | R28: Gewicht | S28: 0.3331 | U28: Gewicht | V28: 0.2242
C29: Anzahl | D29: 0 | F29: Anzahl | G29: 0 | I29: Anzahl | J29: 0 | L29: Anzahl | M29: 0 | O29: Anzahl | P29: 0 | R29: Anzahl | S29: 0 | U29: Anzahl | V29: 0
B31: Blue Tile 1 x 2 with Groove | E31: Blue Plate 1 x 10 | H31: Black Tile, Modified 1 x 2 Grille with Bottom Groove / Lip | K31: Black Tile, 1 x 4 | N31: Red Slope, Curved 4 x 2 | Q31: Red Vehicla, Mudguard 2 x 4 with Arch Studded with Hole | T31: Red Wedge 3 x 4 x 2/3 Curved with Cutout
B32: #VALUE! | C32: Nr. | D32: 306923 | E32: #VALUE! | F32: Nr. | G32: 447723 | H32: #VALUE! | I32: Nr. | J32: 241226 | K32: #VALUE! | L32: Nr. | M32: 243126 | N32: #VALUE! | O32: Nr. | P32: 4613174 | Q32: #VALUE! | R32: Nr. | S32: 4518231 | T32: #VALUE! | U32: Nr. | V32: 6179656
C33: Gewicht | D33: 0.2575 | F33: Gewicht | G33: 1.6056 | I33: Gewicht | J33: 0.2158 | L33: Gewicht | M33: 0.5271 | O33: Gewicht | P33: 1.3333 | R33: Gewicht | S33: 1.3094 | U33: Gewicht | V33: 1.4239
C34: Anzahl | D34: 0 | F34: Anzahl | G34: 0 | I34: Anzahl | J34: 0 | L34: Anzahl | M34: 0 | O34: Anzahl | P34: 0 | R34: Anzahl | S34: 0 | U34: Anzahl | V34: 0
B36: Lagerbock 100-000-001 | E36: Sicherungsring DIN 471 - 1,0 x 1,0 | H36: Sicherungsring DIN 472 - 30 x 1,2 | K36: Rillenkugellager DIN 625 - 6200 - P2 | N36: Gewindestift ISO 4027 - M4 x 6 - A5 - 45H | Q36: Black Plate 2 x 3 | T36: Black Brick, Modified 1 x 1 with Stud on Side
B37: #VALUE! | C37: Nr. | D37: L007001 | E37: #VALUE! | F37: Nr. | G37: L007002 | H37: #VALUE! | I37: Nr. | J37: L007003 | K37: #VALUE! | L37: Nr. | M37: L007004 | N37: #VALUE! | O37: Nr. | P37: L007005 | Q37: #VALUE! | R37: Nr. | S37: 302126 | T37: #VALUE! | U37: Nr. | V37: 4558954
C38: Gewicht | D38: 8.88 | F38: Gewicht | G38: 0.405 | I38: Gewicht | J38: 1.9188 | L38: Gewicht | M38: 30.775 | O38: Gewicht | P38: 0.2825 | R38: Gewicht | S38: 0.8589 | U38: Gewicht | V38: 0.4278
C39: Anzahl | D39: 0 | F39: Anzahl | G39: 0 | I39: Anzahl | J39: 0 | L39: Anzahl | M39: 0 | O39: Anzahl | P39: 0 | R39: Anzahl | S39: 0 | U39: Anzahl | V39: 0
B42: Rechte Seite
B44: Black Bracket 1 x 2 - 1 x 4 with Two Rounded Corners at the Bottom | E44: Black Bracket 1 x 2 - 2 x 2 | H44: Black Plate 1 x 1 | K44: Part 54200 Slope 30 1 x 1 x 2/3 | N44: Dark Orange Plate Round 1 x 1 | Q44: Black Panel 1 x 1 x 1 Corner | T44: Red Plate 1 x 1
B45: #VALUE! | C45: Nr. | D45: 6168620 | E45: #VALUE! | F45: Nr. | G45: 6117973 | H45: #VALUE! | I45: Nr. | J45: 302426 | K45: #VALUE! | L45: Nr. | M45: 4287159 | N45: #VALUE! | O45: Nr. | P45: 6315782 | Q45: #VALUE! | R45: Nr. | S45: 4106347 | T45: #VALUE! | U45: Nr. | V45: 302421
C46: Gewicht | D46: 0.7731 | F46: Gewicht | G46: 0.7924 | I46: Gewicht | J46: 0.1745 | L46: Gewicht | M46: 0.1848 | O46: Gewicht | P46: 0.1043 | R46: Gewicht | S46: 0.2889 | U46: Gewicht | V46: 0.175
C47: Anzahl | D47: 0 | F47: Anzahl | G47: 0 | I47: Anzahl | J47: 0 | L47: Anzahl | M47: 0 | O47: Anzahl | P47: 0 | R47: Anzahl | S47: 0 | U47: Anzahl | V47: 0
B49: Black Wheel 11mm 0. x 6mm with 8 'Y' Spokes | E49: Red Slope 30 1 x 2 x 2/3 | H49: Black Plate 1 x 4 | K49: Black Slope 30 1 x 2 x 2/3 | N49: Black Bracket 1 x 2 - 2 x 4 | Q49: Nougat Plate 2 x 4 | T49: Black Wedge, Plate 2 x 2 Right
B50: #VALUE! | C50: Nr. | D50: 4613162 | E50: #VALUE! | F50: Nr. | G50: 4651524 | H50: #VALUE! | I50: Nr. | J50: 371026 | K50: #VALUE! | L50: Nr. | M50: 4548180 | N50: #VALUE! | O50: Nr. | P50: 6118829 | Q50: #VALUE! | R50: Nr. | S50: 4497049 | T50: #VALUE! | U50: Nr. | V50: 6141556
C51: Gewicht | D51: 0.3292 | F51: Gewicht | G51: 0.3408 | I51: Gewicht | J51: 0.6427 | L51: Gewicht | M51: 0.3507 | O51: Gewicht | P51: 1.2711 | R51: Gewicht | S51: 1.1502 | U51: Gewicht | V51: 0.45
C52: Anzahl | D52: 0 | F52: Anzahl | G52: 0 | I52: Anzahl | J52: 0 | L52: Anzahl | M52: 0 | O52: Anzahl | P52: 0 | R52: Anzahl | S52: 0 | U52: Anzahl | V52: 0
B54: Black Tire 14mm 0. x 6mm Solid Smooth | E54: Black Tile, Modified 2 x 2 with Studs on Edge | H54: Metallic Gold Tile 1 x 2 with Groove | K54: Black Tile 1 x 3 | N54: Black Plate 2 x 6 | Q54: Black Slope, Curved 2 x 1 x 2/3 | T54: White Bracket 1 x 2 - 1 x 4 with Two Rounded Corners at the Bottom
B55: #VALUE! | C55: Nr. | D55: 4246901 | E55: #VALUE! | F55: Nr. | G55: 6192346 | H55: #VALUE! | I55: Nr. | J55: 6265247 | K55: #VALUE! | L55: Nr. | M55: 4558170 | N55: #VALUE! | O55: Nr. | P55: 379526 | Q55: #VALUE! | R55: Nr. | S55: 6047276 | T55: #VALUE! | U55: Nr. | V55: 6168618
C56: Gewicht | D56: 0.3617 | F56: Gewicht | G56: 0.5422 | I56: Gewicht | J56: 0.2619 | L56: Gewicht | M56: 0.395 | O56: Gewicht | P56: 1.6467 | R56: Gewicht | S56: 0.3023 | U56: Gewicht | V56: 0.7843
C57: Anzahl | D57: 0 | F57: Anzahl | G57: 0 | I57: Anzahl | J57: 0 | L57: Anzahl | M57: 0 | O57: Anzahl | P57: 0 | R57: Anzahl | S57: 0 | U57: Anzahl | V57: 0
B59: Black Plate 1 x 2 | E59: Black Wedge, Plate 2 x 2 Left | H59: Dark Bluish Gray Plate 1 x 2 | K59: Light Bluish Gray Plate, Modified 2 x 2 with Wheels Holder Wide and Hole | N59: Metallic Gold Tile 1 x 1 with Groove | Q59: Trans-Clear Plate, Round 1 x 1 with Bar Handle on Short Stem | T59: Black Plate, Modified 1 x 2 with 1 Stud with Groove and Bottom Stud Holder (Jumper)
B60: #VALUE! | C60: Nr. | D60: 302326 | E60: #VALUE! | F60: Nr. | G60: 6141554 | H60: #VALUE! | I60: Nr. | J60: 4211063 | K60: #VALUE! | L60: Nr. | M60: 6387244 | N60: #VALUE! | O60: Nr. | P60: 6264167 | Q60: #VALUE! | R60: Nr. | S60: 6321083 | T60: #VALUE! | U60: Nr. | V60: 6092585
C61: Gewicht | D61: 0.3326 | F61: Gewicht | G61: 0.4525 | I61: Gewicht | J61: 0.3345 | L61: Gewicht | M61: 1.0692 | O61: Gewicht | P61: 0.1411 | R61: Gewicht | S61: 0.1428 | U61: Gewicht | V61: 0.283
C62: Anzahl | D62: 0 | F62: Anzahl | G62: 0 | I62: Anzahl | J62: 0 | L62: Anzahl | M62: 0 | O62: Anzahl | P62: 0 | R62: Anzahl | S62: 0 | U62: Anzahl | V62: 0
B64: Dark Orange Plate 2 x 6 | E64: Black Plate, Modified 1 x 2 with 2 Open 0 Clips (Horizontal Grip) | H64: White Plate, Modified 3 x 3 Cross | K64: Metallic Silver Tile 1 x 2 with Groove with Black Grille Pattern - 10 Bars | N64: Pearl Gold Bar 3L (Bar Arrow) | Q64: Black Wedge 2 x 1 x 2/3 Left | T64: Black Wedge 3 x 4 x 2/3 Curved with Coutout
B65: #VALUE! | C65: Nr. | D65: 4603745 | E65: #VALUE! | F65: Nr. | G65: 6310268 | H65: #VALUE! | I65: Nr. | J65: 6099412 | K65: #VALUE! | L65: Nr. | M65: 6242566 | N65: #VALUE! | O65: Nr. | P65: 6093529 | Q65: #VALUE! | R65: Nr. | S65: 6181720 | T65: #VALUE! | U65: Nr. | V65: 6179660
C66: Gewicht | D66: 1.6944 | F66: Gewicht | G66: 0.527 | I66: Gewicht | J66: 0.8617 | L66: Gewicht | M66: 0.2624 | O66: Gewicht | P66: 0.1981 | R66: Gewicht | S66: 0.2245 | U66: Gewicht | V66: 1.4171
C67: Anzahl | D67: 0 | F67: Anzahl | G67: 0 | I67: Anzahl | J67: 0 | L67: Anzahl | M67: 0 | O67: Anzahl | P67: 0 | R67: Anzahl | S67: 0 | U67: Anzahl | V67: 0
B69: Black Vehicle, Mudguard 2 x 4 with Arch Studded with Hole | E69: Black Tile, Modified 1 x 1 with Open 0 Clip | H69: Black Tile 2 x 2 with Groove | K69: Black Wedge 2 x 1 x 2/3 Right | N69: Black Plate, Modified 1 x 2 with Bar Handle on Side - Closed Ends | Q69: Black Slope, Curved 2 x 2 x 2/3 | T69: Black Panel 1 x 2 x 1 with Rounded Corners and Center Divider
B70: #VALUE! | C70: Nr. | D70: 4518608 | E70: #VALUE! | F70: Nr. | G70: 6335388 | H70: #VALUE! | I70: Nr. | J70: 306826 | K70: #VALUE! | L70: Nr. | M70: 6181713 | N70: #VALUE! | O70: Nr. | P70: 4225201 | Q70: #VALUE! | R70: Nr. | S70: 6053077 | T70: #VALUE! | U70: Nr. | V70: 6115086
C71: Gewicht | D71: 1.3141 | F71: Gewicht | G71: 0.21 | I71: Gewicht | J71: 0.472 | L71: Gewicht | M71: 0.2213 | O71: Gewicht | P71: 0.5356 | R71: Gewicht | S71: 0.5522 | U71: Gewicht | V71: 0.4686
C72: Anzahl | D72: 0 | F72: Anzahl | G72: 0 | I72: Anzahl | J72: 0 | L72: Anzahl | M72: 0 | O72: Anzahl | P72: 0 | R72: Anzahl | S72: 0 | U72: Anzahl | V72: 0
B74: Dark Bluish Gray Slope, Curved 2 x 2 x 2/3 | E74: Dark Bluish Gray Plate 2 x 4 | H74: Dark Bluish Gray Plate 2 x 8 | K74: X | N74: Zahnrad 100-000-003 | Q74: Sterngriff 100-000-004 | T74: Welle 100-000-002
B75: #VALUE! | C75: Nr. | D75: 6071261 | E75: #VALUE! | F75: Nr. | G75: 4211065 | H75: #VALUE! | I75: Nr. | J75: 4210997 | K75: / | L75: Nr. | M75: / | N75: #VALUE! | O75: Nr. | P75: R007005 | Q75: #VALUE! | R75: Nr. | S75: R007006 | T75: #VALUE! | U75: Nr. | V75: R007007
C76: Gewicht | D76: 0.5567 | F76: Gewicht | G76: 1.142 | I76: Gewicht | J76: 2.2164 | L76: Gewicht | M76: 0 | O76: Gewicht | P76: 11.8361 | R76: Gewicht | S76: 4.4545 | U76: Gewicht | V76: 4.6014
C77: Anzahl | D77: 0 | F77: Anzahl | G77: 0 | I77: Anzahl | J77: 0 | L77: Anzahl | M77: 0 | O77: Anzahl | P77: 0 | R77: Anzahl | S77: 0 | U77: Anzahl | V77: 0

Sheet Muscle_Car
B2: Kommissioniersystem
B4: Linke Seite
B6: Blue Wedge 2 x 1 x 2/3 Left | E6: Blue Tile, Modified Facet 2 x 2 | H6: Blue Slope, Curved 4 x 1 x 2/3 Double | K6: Blue Slope, Curved 4 x 1 | N6: Blue Slope, Curved 2 x 1 x 2/3 | Q6: Blue Plate 1 x 2 | T6: Blue Brick, Modified 1 x 1 with Headlight
B7: #VALUE! | C7: Nr. | D7: 6172414 | E7: #VALUE! | F7: Nr. | G7: 6333512 | H7: #VALUE! | I7: Nr. | J7: 4649773 | K7: #VALUE! | L7: Nr. | M7: 6045938 | N7: #VALUE! | O7: Nr. | P7: 6055065 | Q7: #VALUE! | R7: Nr. | S7: 302323 | T7: #VALUE! | U7: Nr. | V7: 407023
C8: Gewicht | D8: 0.2242 | F8: Gewicht | G8: 0.3504 | I8: Gewicht | J8: 0.589 | L8: Gewicht | M8: 0.7661 | O8: Gewicht | P8: 0.306 | R8: Gewicht | S8: 0.334 | U8: Gewicht | V8: 0.3406
C9: Anzahl | D9: 0 | F9: Anzahl | G9: 0 | I9: Anzahl | J9: 0 | L9: Anzahl | M9: 0 | O9: Anzahl | P9: 0 | R9: Anzahl | S9: 0 | U9: Anzahl | V9: 0
B11: Trans-Clear Slope 30 1 x 1 x 2/3 | E11: Black Plate, Round 1 x 1 | H11: Blue Slope 30 1 x 1 x 2/3 | K11: Blue Tile, Round 1 x 1 Quarter | N11: Black Tile 1 x 1 with Groove | Q11: Part 36841 Bracket 1 x 1 - 1 x 1 | T11: Blue Plate 2 x 2 Corner
B12: #VALUE! | C12: Nr. | D12: 6245250 | E12: #VALUE! | F12: Nr. | G12: 614126 | H12: #VALUE! | I12: Nr. | J12: 4296154 | K12: #VALUE! | L12: Nr. | M12: 6302961 | N12: #VALUE! | O12: Nr. | P12: 307026 | Q12: #VALUE! | R12: Nr. | S12: 6299338 | T12: #VALUE! | U12: Nr. | V12: 242023
C13: Gewicht | D13: 0.2116 | F13: Gewicht | G13: 0.1083 | I13: Gewicht | J13: 0.1835 | L13: Gewicht | M13: 0.1066 | O13: Gewicht | P13: 0.1436 | R13: Gewicht | S13: 0.2834 | U13: Gewicht | V13: 0.4974
C14: Anzahl | D14: 2 | F14: Anzahl | G14: 0 | I14: Anzahl | J14: 0 | L14: Anzahl | M14: 0 | O14: Anzahl | P14: 0 | R14: Anzahl | S14: 0 | U14: Anzahl | V14: 0
B16: White Plate 1 x 2 | E16: White Plate 2 x 3 | H16: Yellow Plate, Round 1 x 1 | K16: Light Bluish Gray Plate, Modified with Wheel Holder | N16: Black Bracket 1 x 2 - 1 x 2 | Q16: Black Plate 3 x 3 | T16: Blue Slope 30 1 x 2 x 2/3
B17: #VALUE! | C17: Nr. | D17: 302301 | E17: #VALUE! | F17: Nr. | G17: 302101 | H17: #VALUE! | I17: Nr. | J17: 614124 | K17: #VALUE! | L17: Nr. | M17: 6125569 | N17: #VALUE! | O17: Nr. | P17: 6016172 | Q17: #VALUE! | R17: Nr. | S17: 6174917 | T17: #VALUE! | U17: Nr. | V17: 4651236
C18: Gewicht | D18: 0.3367 | F18: Gewicht | G18: 0.8767 | I18: Gewicht | J18: 0.1088 | L18: Gewicht | M18: 0.4478 | O18: Gewicht | P18: 0.5403 | R18: Gewicht | S18: 1.2561 | U18: Gewicht | V18: 0.2736
C19: Anzahl | D19: 0 | F19: Anzahl | G19: 0 | I19: Anzahl | J19: 0 | L19: Anzahl | M19: 0 | O19: Anzahl | P19: 0 | R19: Anzahl | S19: 0 | U19: Anzahl | V19: 0
B21: Red Bracket 1 x 2 - 1 x 4 with Two Rounded Corners at the Bottom | E21: Trans-Red Tile, Modified 1 x 2 Grille with Bottom Groove / Lip | H21: Red Tile, Round 1 x 1 Quarter | K21: Red Tile, Modified 2 x 2 with Studs on Edge | N21: Red Slope, Curved 2 x 1 x 2/3 | Q21: Red Slope 45 2 x 1 with 2/3 Cutout | T21: Red Plate 1 x 4
B22: #VALUE! | C22: Nr. | D22: 6168619 | E22: #VALUE! | F22: Nr. | G22: 6250158 | H22: #VALUE! | I22: Nr. | J22: 6170390 | K22: #VALUE! | L22: Nr. | M22: 6219819 | N22: #VALUE! | O22: Nr. | P22: 6029946 | Q22: #VALUE! | R22: Nr. | S22: 6053011 | T22: #VALUE! | U22: Nr. | V22: 371021
C23: Gewicht | D23: 0.7817 | F23: Gewicht | G23: 0.2397 | I23: Gewicht | J23: 0.1071 | L23: Gewicht | M23: 0.5492 | O23: Gewicht | P23: 0.3011 | R23: Gewicht | S23: 0.4087 | U23: Gewicht | V23: 0.6503
C24: Anzahl | D24: 2 | F24: Anzahl | G24: 2 | I24: Anzahl | J24: 0 | L24: Anzahl | M24: 2 | O24: Anzahl | P24: 2 | R24: Anzahl | S24: 2 | U24: Anzahl | V24: 2
B26: White Tile, Round 1 x 1 Half Circle Extended | E26: Light Bluish Gray Tile 1 x 1 with Groove | H26: Blue Wedge, Plate 2 x 2 Right | K26: Blue Wedge, Plate 2 x 2 Left | N26: Blue Tile 2 x 2 with Groove | Q26: Red Plate 1 x 2 | T26: Blue Wedge 2 x 1 x 2/3 Right
B27: #VALUE! | C27: Nr. | D27: 6131655 | E27: #VALUE! | F27: Nr. | G27: 4211415 | H27: #VALUE! | I27: Nr. | J27: 6189202 | K27: #VALUE! | L27: Nr. | M27: 6189198 | N27: #VALUE! | O27: Nr. | P27: 306823 | Q27: #VALUE! | R27: Nr. | S27: 302321 | T27: #VALUE! | U27: Nr. | V27: 6172411
C28: Gewicht | D28: 0.1257 | F28: Gewicht | G28: 0.1418 | I28: Gewicht | J28: 0.4511 | L28: Gewicht | M28: 0.4535 | O28: Gewicht | P28: 0.4796 | R28: Gewicht | S28: 0.3331 | U28: Gewicht | V28: 0.2242
C29: Anzahl | D29: 0 | F29: Anzahl | G29: 0 | I29: Anzahl | J29: 0 | L29: Anzahl | M29: 0 | O29: Anzahl | P29: 0 | R29: Anzahl | S29: 2 | U29: Anzahl | V29: 0
B31: Blue Tile 1 x 2 with Groove | E31: Blue Plate 1 x 10 | H31: Black Tile, Modified 1 x 2 Grille with Bottom Groove / Lip | K31: Black Tile, 1 x 4 | N31: Red Slope, Curved 4 x 2 | Q31: Red Vehicla, Mudguard 2 x 4 with Arch Studded with Hole | T31: Red Wedge 3 x 4 x 2/3 Curved with Cutout
B32: #VALUE! | C32: Nr. | D32: 306923 | E32: #VALUE! | F32: Nr. | G32: 447723 | H32: #VALUE! | I32: Nr. | J32: 241226 | K32: #VALUE! | L32: Nr. | M32: 243126 | N32: #VALUE! | O32: Nr. | P32: 4613174 | Q32: #VALUE! | R32: Nr. | S32: 4518231 | T32: #VALUE! | U32: Nr. | V32: 6179656
C33: Gewicht | D33: 0.2575 | F33: Gewicht | G33: 1.6056 | I33: Gewicht | J33: 0.2158 | L33: Gewicht | M33: 0.5271 | O33: Gewicht | P33: 1.3333 | R33: Gewicht | S33: 1.3094 | U33: Gewicht | V33: 1.4239
C34: Anzahl | D34: 0 | F34: Anzahl | G34: 0 | I34: Anzahl | J34: 0 | L34: Anzahl | M34: 1 | O34: Anzahl | P34: 1 | R34: Anzahl | S34: 1 | U34: Anzahl | V34: 1
B36: Lagerbock 100-000-001 | E36: Sicherungsring DIN 471 - 1,0 x 1,0 | H36: Sicherungsring DIN 472 - 30 x 1,2 | K36: Rillenkugellager DIN 625 - 6200 - P2 | N36: Gewindestift ISO 4027 - M4 x 6 - A5 - 45H | Q36: Black Plate 2 x 3 | T36: Black Brick, Modified 1 x 1 with Stud on Side
B37: #VALUE! | C37: Nr. | D37: L007001 | E37: #VALUE! | F37: Nr. | G37: L007002 | H37: #VALUE! | I37: Nr. | J37: L007003 | K37: #VALUE! | L37: Nr. | M37: L007004 | N37: #VALUE! | O37: Nr. | P37: L007005 | Q37: #VALUE! | R37: Nr. | S37: 302126 | T37: #VALUE! | U37: Nr. | V37: 4558954
C38: Gewicht | D38: 8.88 | F38: Gewicht | G38: 0.405 | I38: Gewicht | J38: 1.9188 | L38: Gewicht | M38: 30.775 | O38: Gewicht | P38: 0.2825 | R38: Gewicht | S38: 0.8589 | U38: Gewicht | V38: 0.4278
C39: Anzahl | D39: 0 | F39: Anzahl | G39: 0 | I39: Anzahl | J39: 0 | L39: Anzahl | M39: 0 | O39: Anzahl | P39: 0 | R39: Anzahl | S39: 0 | U39: Anzahl | V39: 0
B42: Rechte Seite
B44: Black Bracket 1 x 2 - 1 x 4 with Two Rounded Corners at the Bottom | E44: Black Bracket 1 x 2 - 2 x 2 | H44: Black Plate 1 x 1 | K44: Part 54200 Slope 30 1 x 1 x 2/3 | N44: Dark Orange Plate Round 1 x 1 | Q44: Black Panel 1 x 1 x 1 Corner | T44: Red Plate 1 x 1
B45: #VALUE! | C45: Nr. | D45: 6168620 | E45: #VALUE! | F45: Nr. | G45: 6117973 | H45: #VALUE! | I45: Nr. | J45: 302426 | K45: #VALUE! | L45: Nr. | M45: 4287159 | N45: #VALUE! | O45: Nr. | P45: 6315782 | Q45: #VALUE! | R45: Nr. | S45: 4106347 | T45: #VALUE! | U45: Nr. | V45: 302421
C46: Gewicht | D46: 0.7731 | F46: Gewicht | G46: 0.7924 | I46: Gewicht | J46: 0.1745 | L46: Gewicht | M46: 0.1848 | O46: Gewicht | P46: 0.1043 | R46: Gewicht | S46: 0.2889 | U46: Gewicht | V46: 0.175
C47: Anzahl | D47: 0 | F47: Anzahl | G47: 0 | I47: Anzahl | J47: 2 | L47: Anzahl | M47: 2 | O47: Anzahl | P47: 2 | R47: Anzahl | S47: 2 | U47: Anzahl | V47: 2
B49: Black Wheel 11mm 0. x 6mm with 8 'Y' Spokes | E49: Red Slope 30 1 x 2 x 2/3 | H49: Black Plate 1 x 4 | K49: Black Slope 30 1 x 2 x 2/3 | N49: Black Bracket 1 x 2 - 2 x 4 | Q49: Nougat Plate 2 x 4 | T49: Black Wedge, Plate 2 x 2 Right
B50: #VALUE! | C50: Nr. | D50: 4613162 | E50: #VALUE! | F50: Nr. | G50: 4651524 | H50: #VALUE! | I50: Nr. | J50: 371026 | K50: #VALUE! | L50: Nr. | M50: 4548180 | N50: #VALUE! | O50: Nr. | P50: 6118829 | Q50: #VALUE! | R50: Nr. | S50: 4497049 | T50: #VALUE! | U50: Nr. | V50: 6141556
C51: Gewicht | D51: 0.3292 | F51: Gewicht | G51: 0.3408 | I51: Gewicht | J51: 0.6427 | L51: Gewicht | M51: 0.3507 | O51: Gewicht | P51: 1.2711 | R51: Gewicht | S51: 1.1502 | U51: Gewicht | V51: 0.45
C52: Anzahl | D52: 4 | F52: Anzahl | G52: 5 | I52: Anzahl | J52: 0 | L52: Anzahl | M52: 0 | O52: Anzahl | P52: 3 | R52: Anzahl | S52: 3 | U52: Anzahl | V52: 0
B54: Black Tire 14mm 0. x 6mm Solid Smooth | E54: Black Tile, Modified 2 x 2 with Studs on Edge | H54: Metallic Gold Tile 1 x 2 with Groove | K54: Black Tile 1 x 3 | N54: Black Plate 2 x 6 | Q54: Black Slope, Curved 2 x 1 x 2/3 | T54: White Bracket 1 x 2 - 1 x 4 with Two Rounded Corners at the Bottom
B55: #VALUE! | C55: Nr. | D55: 4246901 | E55: #VALUE! | F55: Nr. | G55: 6192346 | H55: #VALUE! | I55: Nr. | J55: 6265247 | K55: #VALUE! | L55: Nr. | M55: 4558170 | N55: #VALUE! | O55: Nr. | P55: 379526 | Q55: #VALUE! | R55: Nr. | S55: 6047276 | T55: #VALUE! | U55: Nr. | V55: 6168618
C56: Gewicht | D56: 0.3617 | F56: Gewicht | G56: 0.5422 | I56: Gewicht | J56: 0.2619 | L56: Gewicht | M56: 0.395 | O56: Gewicht | P56: 1.6467 | R56: Gewicht | S56: 0.3023 | U56: Gewicht | V56: 0.7843
C57: Anzahl | D57: 4 | F57: Anzahl | G57: 0 | I57: Anzahl | J57: 0 | L57: Anzahl | M57: 0 | O57: Anzahl | P57: 0 | R57: Anzahl | S57: 0 | U57: Anzahl | V57: 0
B59: Black Plate 1 x 2 | E59: Black Wedge, Plate 2 x 2 Left | H59: Dark Bluish Gray Plate 1 x 2 | K59: Light Bluish Gray Plate, Modified 2 x 2 with Wheels Holder Wide and Hole | N59: Metallic Gold Tile 1 x 1 with Groove | Q59: Trans-Clear Plate, Round 1 x 1 with Bar Handle on Short Stem | T59: Black Plate, Modified 1 x 2 with 1 Stud with Groove and Bottom Stud Holder (Jumper)
B60: #VALUE! | C60: Nr. | D60: 302326 | E60: #VALUE! | F60: Nr. | G60: 6141554 | H60: #VALUE! | I60: Nr. | J60: 4211063 | K60: #VALUE! | L60: Nr. | M60: 6387244 | N60: #VALUE! | O60: Nr. | P60: 6264167 | Q60: #VALUE! | R60: Nr. | S60: 6321083 | T60: #VALUE! | U60: Nr. | V60: 6092585
C61: Gewicht | D61: 0.3326 | F61: Gewicht | G61: 0.4525 | I61: Gewicht | J61: 0.3345 | L61: Gewicht | M61: 1.0692 | O61: Gewicht | P61: 0.1411 | R61: Gewicht | S61: 0.1428 | U61: Gewicht | V61: 0.283
C62: Anzahl | D62: 3 | F62: Anzahl | G62: 0 | I62: Anzahl | J62: 0 | L62: Anzahl | M62: 2 | O62: Anzahl | P62: 0 | R62: Anzahl | S62: 0 | U62: Anzahl | V62: 0
B64: Dark Orange Plate 2 x 6 | E64: Black Plate, Modified 1 x 2 with 2 Open 0 Clips (Horizontal Grip) | H64: White Plate, Modified 3 x 3 Cross | K64: Metallic Silver Tile 1 x 2 with Groove with Black Grille Pattern - 10 Bars | N64: Pearl Gold Bar 3L (Bar Arrow) | Q64: Black Wedge 2 x 1 x 2/3 Left | T64: Black Wedge 3 x 4 x 2/3 Curved with Coutout
B65: #VALUE! | C65: Nr. | D65: 4603745 | E65: #VALUE! | F65: Nr. | G65: 6310268 | H65: #VALUE! | I65: Nr. | J65: 6099412 | K65: #VALUE! | L65: Nr. | M65: 6242566 | N65: #VALUE! | O65: Nr. | P65: 6093529 | Q65: #VALUE! | R65: Nr. | S65: 6181720 | T65: #VALUE! | U65: Nr. | V65: 6179660
C66: Gewicht | D66: 1.6944 | F66: Gewicht | G66: 0.527 | I66: Gewicht | J66: 0.8617 | L66: Gewicht | M66: 0.2624 | O66: Gewicht | P66: 0.1981 | R66: Gewicht | S66: 0.2245 | U66: Gewicht | V66: 1.4171
C67: Anzahl | D67: 1 | F67: Anzahl | G67: 1 | I67: Anzahl | J67: 0 | L67: Anzahl | M67: 1 | O67: Anzahl | P67: 0 | R67: Anzahl | S67: 1 | U67: Anzahl | V67: 1
B69: Black Vehicle, Mudguard 2 x 4 with Arch Studded with Hole | E69: Black Tile, Modified 1 x 1 with Open 0 Clip | H69: Black Tile 2 x 2 with Groove | K69: Black Wedge 2 x 1 x 2/3 Right | N69: Black Plate, Modified 1 x 2 with Bar Handle on Side - Closed Ends | Q69: Black Slope, Curved 2 x 2 x 2/3 | T69: Black Panel 1 x 2 x 1 with Rounded Corners and Center Divider
B70: #VALUE! | C70: Nr. | D70: 4518608 | E70: #VALUE! | F70: Nr. | G70: 6335388 | H70: #VALUE! | I70: Nr. | J70: 306826 | K70: #VALUE! | L70: Nr. | M70: 6181713 | N70: #VALUE! | O70: Nr. | P70: 4225201 | Q70: #VALUE! | R70: Nr. | S70: 6053077 | T70: #VALUE! | U70: Nr. | V70: 6115086
C71: Gewicht | D71: 1.3141 | F71: Gewicht | G71: 0.21 | I71: Gewicht | J71: 0.472 | L71: Gewicht | M71: 0.2213 | O71: Gewicht | P71: 0.5356 | R71: Gewicht | S71: 0.5522 | U71: Gewicht | V71: 0.4686
C72: Anzahl | D72: 1 | F72: Anzahl | G72: 0 | I72: Anzahl | J72: 0 | L72: Anzahl | M72: 1 | O72: Anzahl | P72: 1 | R72: Anzahl | S72: 1 | U72: Anzahl | V72: 0
B74: Dark Bluish Gray Slope, Curved 2 x 2 x 2/3 | E74: Dark Bluish Gray Plate 2 x 4 | H74: Dark Bluish Gray Plate 2 x 8 | K74: X | N74: Zahnrad 100-000-003 | Q74: Sterngriff 100-000-004 | T74: Welle 100-000-002
B75: #VALUE! | C75: Nr. | D75: 6071261 | E75: #VALUE! | F75: Nr. | G75: 4211065 | H75: #VALUE! | I75: Nr. | J75: 4210997 | K75: / | L75: Nr. | M75: / | N75: #VALUE! | O75: Nr. | P75: R007005 | Q75: #VALUE! | R75: Nr. | S75: R007006 | T75: #VALUE! | U75: Nr. | V75: R007007
C76: Gewicht | D76: 0.5567 | F76: Gewicht | G76: 1.142 | I76: Gewicht | J76: 2.2164 | L76: Gewicht | M76: 0 | O76: Gewicht | P76: 11.8361 | R76: Gewicht | S76: 4.4545 | U76: Gewicht | V76: 4.6014
C77: Anzahl | D77: 0 | F77: Anzahl | G77: 0 | I77: Anzahl | J77: 0 | L77: Anzahl | M77: 0 | O77: Anzahl | P77: 0 | R77: Anzahl | S77: 0 | U77: Anzahl | V77: 0
B79: 63 Teile

Sheet Lamborghini
B2: Kommissioniersystem
B4: Linke Seite
B6: Blue Wedge 2 x 1 x 2/3 Left | E6: Blue Tile, Modified Facet 2 x 2 | H6: Blue Slope, Curved 4 x 1 x 2/3 Double | K6: Blue Slope, Curved 4 x 1 | N6: Blue Slope, Curved 2 x 1 x 2/3 | Q6: Blue Plate 1 x 2 | T6: Blue Brick, Modified 1 x 1 with Headlight
B7: #VALUE! | C7: Nr. | D7: 6172414 | E7: #VALUE! | F7: Nr. | G7: 6333512 | H7: #VALUE! | I7: Nr. | J7: 4649773 | K7: #VALUE! | L7: Nr. | M7: 6045938 | N7: #VALUE! | O7: Nr. | P7: 6055065 | Q7: #VALUE! | R7: Nr. | S7: 302323 | T7: #VALUE! | U7: Nr. | V7: 407023
C8: Gewicht | D8: 0.2242 | F8: Gewicht | G8: 0.3504 | I8: Gewicht | J8: 0.589 | L8: Gewicht | M8: 0.7661 | O8: Gewicht | P8: 0.306 | R8: Gewicht | S8: 0.334 | U8: Gewicht | V8: 0.3406
C9: Anzahl | D9: 0 | F9: Anzahl | G9: 0 | I9: Anzahl | J9: 0 | L9: Anzahl | M9: 0 | O9: Anzahl | P9: 0 | R9: Anzahl | S9: 0 | U9: Anzahl | V9: 0
B11: Trans-Clear Slope 30 1 x 1 x 2/3 | E11: Black Plate, Round 1 x 1 | H11: Blue Slope 30 1 x 1 x 2/3 | K11: Blue Tile, Round 1 x 1 Quarter | N11: Black Tile 1 x 1 with Groove | Q11: Part 36841 Bracket 1 x 1 - 1 x 1 | T11: Blue Plate 2 x 2 Corner
B12: #VALUE! | C12: Nr. | D12: 6245250 | E12: #VALUE! | F12: Nr. | G12: 614126 | H12: #VALUE! | I12: Nr. | J12: 4296154 | K12: #VALUE! | L12: Nr. | M12: 6302961 | N12: #VALUE! | O12: Nr. | P12: 307026 | Q12: #VALUE! | R12: Nr. | S12: 6299338 | T12: #VALUE! | U12: Nr. | V12: 242023
C13: Gewicht | D13: 0.2116 | F13: Gewicht | G13: 0.1083 | I13: Gewicht | J13: 0.1835 | L13: Gewicht | M13: 0.1066 | O13: Gewicht | P13: 0.1436 | R13: Gewicht | S13: 0.2834 | U13: Gewicht | V13: 0.4974
C14: Anzahl | D14: 0 | F14: Anzahl | G14: 0 | I14: Anzahl | J14: 0 | L14: Anzahl | M14: 0 | O14: Anzahl | P14: 5 | R14: Anzahl | S14: 0 | U14: Anzahl | V14: 0
B16: White Plate 1 x 2 | E16: White Plate 2 x 3 | H16: Yellow Plate, Round 1 x 1 | K16: Light Bluish Gray Plate, Modified with Wheel Holder | N16: Black Bracket 1 x 2 - 1 x 2 | Q16: Black Plate 3 x 3 | T16: Blue Slope 30 1 x 2 x 2/3
B17: #VALUE! | C17: Nr. | D17: 302301 | E17: #VALUE! | F17: Nr. | G17: 302101 | H17: #VALUE! | I17: Nr. | J17: 614124 | K17: #VALUE! | L17: Nr. | M17: 6125569 | N17: #VALUE! | O17: Nr. | P17: 6016172 | Q17: #VALUE! | R17: Nr. | S17: 6174917 | T17: #VALUE! | U17: Nr. | V17: 4651236
C18: Gewicht | D18: 0.3367 | F18: Gewicht | G18: 0.8767 | I18: Gewicht | J18: 0.1088 | L18: Gewicht | M18: 0.4478 | O18: Gewicht | P18: 0.5403 | R18: Gewicht | S18: 1.2561 | U18: Gewicht | V18: 0.2736
C19: Anzahl | D19: 1 | F19: Anzahl | G19: 0 | I19: Anzahl | J19: 0 | L19: Anzahl | M19: 0 | O19: Anzahl | P19: 0 | R19: Anzahl | S19: 0 | U19: Anzahl | V19: 0
B21: Red Bracket 1 x 2 - 1 x 4 with Two Rounded Corners at the Bottom | E21: Trans-Red Tile, Modified 1 x 2 Grille with Bottom Groove / Lip | H21: Red Tile, Round 1 x 1 Quarter | K21: Red Tile, Modified 2 x 2 with Studs on Edge | N21: Red Slope, Curved 2 x 1 x 2/3 | Q21: Red Slope 45 2 x 1 with 2/3 Cutout | T21: Red Plate 1 x 4
B22: #VALUE! | C22: Nr. | D22: 6168619 | E22: #VALUE! | F22: Nr. | G22: 6250158 | H22: #VALUE! | I22: Nr. | J22: 6170390 | K22: #VALUE! | L22: Nr. | M22: 6219819 | N22: #VALUE! | O22: Nr. | P22: 6029946 | Q22: #VALUE! | R22: Nr. | S22: 6053011 | T22: #VALUE! | U22: Nr. | V22: 371021
C23: Gewicht | D23: 0.7817 | F23: Gewicht | G23: 0.2397 | I23: Gewicht | J23: 0.1071 | L23: Gewicht | M23: 0.5492 | O23: Gewicht | P23: 0.3011 | R23: Gewicht | S23: 0.4087 | U23: Gewicht | V23: 0.6503
C24: Anzahl | D24: 0 | F24: Anzahl | G24: 0 | I24: Anzahl | J24: 0 | L24: Anzahl | M24: 0 | O24: Anzahl | P24: 0 | R24: Anzahl | S24: 0 | U24: Anzahl | V24: 0
B26: White Tile, Round 1 x 1 Half Circle Extended | E26: Light Bluish Gray Tile 1 x 1 with Groove | H26: Blue Wedge, Plate 2 x 2 Right | K26: Blue Wedge, Plate 2 x 2 Left | N26: Blue Tile 2 x 2 with Groove | Q26: Red Plate 1 x 2 | T26: Blue Wedge 2 x 1 x 2/3 Right
B27: #VALUE! | C27: Nr. | D27: 6131655 | E27: #VALUE! | F27: Nr. | G27: 4211415 | H27: #VALUE! | I27: Nr. | J27: 6189202 | K27: #VALUE! | L27: Nr. | M27: 6189198 | N27: #VALUE! | O27: Nr. | P27: 306823 | Q27: #VALUE! | R27: Nr. | S27: 302321 | T27: #VALUE! | U27: Nr. | V27: 6172411
C28: Gewicht | D28: 0.1257 | F28: Gewicht | G28: 0.1418 | I28: Gewicht | J28: 0.4511 | L28: Gewicht | M28: 0.4535 | O28: Gewicht | P28: 0.4796 | R28: Gewicht | S28: 0.3331 | U28: Gewicht | V28: 0.2242
C29: Anzahl | D29: 0 | F29: Anzahl | G29: 0 | I29: Anzahl | J29: 0 | L29: Anzahl | M29: 0 | O29: Anzahl | P29: 0 | R29: Anzahl | S29: 0 | U29: Anzahl | V29: 0
B31: Blue Tile 1 x 2 with Groove | E31: Blue Plate 1 x 10 | H31: Black Tile, Modified 1 x 2 Grille with Bottom Groove / Lip | K31: Black Tile, 1 x 4 | N31: Red Slope, Curved 4 x 2 | Q31: Red Vehicla, Mudguard 2 x 4 with Arch Studded with Hole | T31: Red Wedge 3 x 4 x 2/3 Curved with Cutout
B32: #VALUE! | C32: Nr. | D32: 306923 | E32: #VALUE! | F32: Nr. | G32: 447723 | H32: #VALUE! | I32: Nr. | J32: 241226 | K32: #VALUE! | L32: Nr. | M32: 243126 | N32: #VALUE! | O32: Nr. | P32: 4613174 | Q32: #VALUE! | R32: Nr. | S32: 4518231 | T32: #VALUE! | U32: Nr. | V32: 6179656
C33: Gewicht | D33: 0.2575 | F33: Gewicht | G33: 1.6056 | I33: Gewicht | J33: 0.2158 | L33: Gewicht | M33: 0.5271 | O33: Gewicht | P33: 1.3333 | R33: Gewicht | S33: 1.3094 | U33: Gewicht | V33: 1.4239
C34: Anzahl | D34: 0 | F34: Anzahl | G34: 0 | I34: Anzahl | J34: 0 | L34: Anzahl | M34: 3 | O34: Anzahl | P34: 0 | R34: Anzahl | S34: 0 | U34: Anzahl | V34: 0
B36: Lagerbock 100-000-001 | E36: Sicherungsring DIN 471 - 1,0 x 1,0 | H36: Sicherungsring DIN 472 - 30 x 1,2 | K36: Rillenkugellager DIN 625 - 6200 - P2 | N36: Gewindestift ISO 4027 - M4 x 6 - A5 - 45H | Q36: Black Plate 2 x 3 | T36: Black Brick, Modified 1 x 1 with Stud on Side
B37: #VALUE! | C37: Nr. | D37: L007001 | E37: #VALUE! | F37: Nr. | G37: L007002 | H37: #VALUE! | I37: Nr. | J37: L007003 | K37: #VALUE! | L37: Nr. | M37: L007004 | N37: #VALUE! | O37: Nr. | P37: L007005 | Q37: #VALUE! | R37: Nr. | S37: 302126 | T37: #VALUE! | U37: Nr. | V37: 4558954
C38: Gewicht | D38: 8.88 | F38: Gewicht | G38: 0.405 | I38: Gewicht | J38: 1.9188 | L38: Gewicht | M38: 30.775 | O38: Gewicht | P38: 0.2825 | R38: Gewicht | S38: 0.8589 | U38: Gewicht | V38: 0.4278
C39: Anzahl | D39: 0 | F39: Anzahl | G39: 0 | I39: Anzahl | J39: 0 | L39: Anzahl | M39: 0 | O39: Anzahl | P39: 0 | R39: Anzahl | S39: 0 | U39: Anzahl | V39: 0
B42: Rechte Seite
B44: Black Bracket 1 x 2 - 1 x 4 with Two Rounded Corners at the Bottom | E44: Black Bracket 1 x 2 - 2 x 2 | H44: Black Plate 1 x 1 | K44: Part 54200 Slope 30 1 x 1 x 2/3 | N44: Dark Orange Plate Round 1 x 1 | Q44: Black Panel 1 x 1 x 1 Corner | T44: Red Plate 1 x 1
B45: #VALUE! | C45: Nr. | D45: 6168620 | E45: #VALUE! | F45: Nr. | G45: 6117973 | H45: #VALUE! | I45: Nr. | J45: 302426 | K45: #VALUE! | L45: Nr. | M45: 4287159 | N45: #VALUE! | O45: Nr. | P45: 6315782 | Q45: #VALUE! | R45: Nr. | S45: 4106347 | T45: #VALUE! | U45: Nr. | V45: 302421
C46: Gewicht | D46: 0.7731 | F46: Gewicht | G46: 0.7924 | I46: Gewicht | J46: 0.1745 | L46: Gewicht | M46: 0.1848 | O46: Gewicht | P46: 0.1043 | R46: Gewicht | S46: 0.2889 | U46: Gewicht | V46: 0.175
C47: Anzahl | D47: 2 | F47: Anzahl | G47: 2 | I47: Anzahl | J47: 2 | L47: Anzahl | M47: 0 | O47: Anzahl | P47: 0 | R47: Anzahl | S47: 0 | U47: Anzahl | V47: 0
B49: Black Wheel 11mm 0. x 6mm with 8 'Y' Spokes | E49: Red Slope 30 1 x 2 x 2/3 | H49: Black Plate 1 x 4 | K49: Black Slope 30 1 x 2 x 2/3 | N49: Black Bracket 1 x 2 - 2 x 4 | Q49: Nougat Plate 2 x 4 | T49: Black Wedge, Plate 2 x 2 Right
B50: #VALUE! | C50: Nr. | D50: 4613162 | E50: #VALUE! | F50: Nr. | G50: 4651524 | H50: #VALUE! | I50: Nr. | J50: 371026 | K50: #VALUE! | L50: Nr. | M50: 4548180 | N50: #VALUE! | O50: Nr. | P50: 6118829 | Q50: #VALUE! | R50: Nr. | S50: 4497049 | T50: #VALUE! | U50: Nr. | V50: 6141556
C51: Gewicht | D51: 0.3292 | F51: Gewicht | G51: 0.3408 | I51: Gewicht | J51: 0.6427 | L51: Gewicht | M51: 0.3507 | O51: Gewicht | P51: 1.2711 | R51: Gewicht | S51: 1.1502 | U51: Gewicht | V51: 0.45
C52: Anzahl | D52: 4 | F52: Anzahl | G52: 0 | I52: Anzahl | J52: 4 | L52: Anzahl | M52: 3 | O52: Anzahl | P52: 0 | R52: Anzahl | S52: 0 | U52: Anzahl | V52: 2
B54: Black Tire 14mm 0. x 6mm Solid Smooth | E54: Black Tile, Modified 2 x 2 with Studs on Edge | H54: Metallic Gold Tile 1 x 2 with Groove | K54: Black Tile 1 x 3 | N54: Black Plate 2 x 6 | Q54: Black Slope, Curved 2 x 1 x 2/3 | T54: White Bracket 1 x 2 - 1 x 4 with Two Rounded Corners at the Bottom
B55: #VALUE! | C55: Nr. | D55: 4246901 | E55: #VALUE! | F55: Nr. | G55: 6192346 | H55: #VALUE! | I55: Nr. | J55: 6265247 | K55: #VALUE! | L55: Nr. | M55: 4558170 | N55: #VALUE! | O55: Nr. | P55: 379526 | Q55: #VALUE! | R55: Nr. | S55: 6047276 | T55: #VALUE! | U55: Nr. | V55: 6168618
C56: Gewicht | D56: 0.3617 | F56: Gewicht | G56: 0.5422 | I56: Gewicht | J56: 0.2619 | L56: Gewicht | M56: 0.395 | O56: Gewicht | P56: 1.6467 | R56: Gewicht | S56: 0.3023 | U56: Gewicht | V56: 0.7843
C57: Anzahl | D57: 4 | F57: Anzahl | G57: 4 | I57: Anzahl | J57: 4 | L57: Anzahl | M57: 0 | O57: Anzahl | P57: 2 | R57: Anzahl | S57: 2 | U57: Anzahl | V57: 2
B59: Black Plate 1 x 2 | E59: Black Wedge, Plate 2 x 2 Left | H59: Dark Bluish Gray Plate 1 x 2 | K59: Light Bluish Gray Plate, Modified 2 x 2 with Wheels Holder Wide and Hole | N59: Metallic Gold Tile 1 x 1 with Groove | Q59: Trans-Clear Plate, Round 1 x 1 with Bar Handle on Short Stem | T59: Black Plate, Modified 1 x 2 with 1 Stud with Groove and Bottom Stud Holder (Jumper)
B60: #VALUE! | C60: Nr. | D60: 302326 | E60: #VALUE! | F60: Nr. | G60: 6141554 | H60: #VALUE! | I60: Nr. | J60: 4211063 | K60: #VALUE! | L60: Nr. | M60: 6387244 | N60: #VALUE! | O60: Nr. | P60: 6264167 | Q60: #VALUE! | R60: Nr. | S60: 6321083 | T60: #VALUE! | U60: Nr. | V60: 6092585
C61: Gewicht | D61: 0.3326 | F61: Gewicht | G61: 0.4525 | I61: Gewicht | J61: 0.3345 | L61: Gewicht | M61: 1.0692 | O61: Gewicht | P61: 0.1411 | R61: Gewicht | S61: 0.1428 | U61: Gewicht | V61: 0.283
C62: Anzahl | D62: 2 | F62: Anzahl | G62: 2 | I62: Anzahl | J62: 1 | L62: Anzahl | M62: 2 | O62: Anzahl | P62: 2 | R62: Anzahl | S62: 2 | U62: Anzahl | V62: 2
B64: Dark Orange Plate 2 x 6 | E64: Black Plate, Modified 1 x 2 with 2 Open 0 Clips (Horizontal Grip) | H64: White Plate, Modified 3 x 3 Cross | K64: Metallic Silver Tile 1 x 2 with Groove with Black Grille Pattern - 10 Bars | N64: Pearl Gold Bar 3L (Bar Arrow) | Q64: Black Wedge 2 x 1 x 2/3 Left | T64: Black Wedge 3 x 4 x 2/3 Curved with Coutout
B65: #VALUE! | C65: Nr. | D65: 4603745 | E65: #VALUE! | F65: Nr. | G65: 6310268 | H65: #VALUE! | I65: Nr. | J65: 6099412 | K65: #VALUE! | L65: Nr. | M65: 6242566 | N65: #VALUE! | O65: Nr. | P65: 6093529 | Q65: #VALUE! | R65: Nr. | S65: 6181720 | T65: #VALUE! | U65: Nr. | V65: 6179660
C66: Gewicht | D66: 1.6944 | F66: Gewicht | G66: 0.527 | I66: Gewicht | J66: 0.8617 | L66: Gewicht | M66: 0.2624 | O66: Gewicht | P66: 0.1981 | R66: Gewicht | S66: 0.2245 | U66: Gewicht | V66: 1.4171
C67: Anzahl | D67: 0 | F67: Anzahl | G67: 1 | I67: Anzahl | J67: 0 | L67: Anzahl | M67: 0 | O67: Anzahl | P67: 1 | R67: Anzahl | S67: 0 | U67: Anzahl | V67: 1
B69: Black Vehicle, Mudguard 2 x 4 with Arch Studded with Hole | E69: Black Tile, Modified 1 x 1 with Open 0 Clip | H69: Black Tile 2 x 2 with Groove | K69: Black Wedge 2 x 1 x 2/3 Right | N69: Black Plate, Modified 1 x 2 with Bar Handle on Side - Closed Ends | Q69: Black Slope, Curved 2 x 2 x 2/3 | T69: Black Panel 1 x 2 x 1 with Rounded Corners and Center Divider
B70: #VALUE! | C70: Nr. | D70: 4518608 | E70: #VALUE! | F70: Nr. | G70: 6335388 | H70: #VALUE! | I70: Nr. | J70: 306826 | K70: #VALUE! | L70: Nr. | M70: 6181713 | N70: #VALUE! | O70: Nr. | P70: 4225201 | Q70: #VALUE! | R70: Nr. | S70: 6053077 | T70: #VALUE! | U70: Nr. | V70: 6115086
C71: Gewicht | D71: 1.3141 | F71: Gewicht | G71: 0.21 | I71: Gewicht | J71: 0.472 | L71: Gewicht | M71: 0.2213 | O71: Gewicht | P71: 0.5356 | R71: Gewicht | S71: 0.5522 | U71: Gewicht | V71: 0.4686
C72: Anzahl | D72: 0 | F72: Anzahl | G72: 1 | I72: Anzahl | J72: 1 | L72: Anzahl | M72: 0 | O72: Anzahl | P72: 0 | R72: Anzahl | S72: 0 | U72: Anzahl | V72: 1
B74: Dark Bluish Gray Slope, Curved 2 x 2 x 2/3 | E74: Dark Bluish Gray Plate 2 x 4 | H74: Dark Bluish Gray Plate 2 x 8 | K74: X | N74: Zahnrad 100-000-003 | Q74: Sterngriff 100-000-004 | T74: Welle 100-000-002
B75: #VALUE! | C75: Nr. | D75: 6071261 | E75: #VALUE! | F75: Nr. | G75: 4211065 | H75: #VALUE! | I75: Nr. | J75: 4210997 | K75: / | L75: Nr. | M75: / | N75: #VALUE! | O75: Nr. | P75: R007005 | Q75: #VALUE! | R75: Nr. | S75: R007006 | T75: #VALUE! | U75: Nr. | V75: R007007
C76: Gewicht | D76: 0.5567 | F76: Gewicht | G76: 1.142 | I76: Gewicht | J76: 2.2164 | L76: Gewicht | M76: 0 | O76: Gewicht | P76: 11.8361 | R76: Gewicht | S76: 4.4545 | U76: Gewicht | V76: 4.6014
C77: Anzahl | D77: 2 | F77: Anzahl | G77: 1 | I77: Anzahl | J77: 1 | L77: Anzahl | M77: 0 | O77: Anzahl | P77: 0 | R77: Anzahl | S77: 0 | U77: Anzahl | V77: 0
B79: 69 Teile ???
B80: Laut LEGO 70
B81: https://brickset.com/sets/30342-1/Lamborghini-Hurac%C3%A1n-Super-Trofeo-EVO

Sheet McLaren
B2: Kommissioniersystem
B4: Linke Seite
B6: Blue Wedge 2 x 1 x 2/3 Left | E6: Blue Tile, Modified Facet 2 x 2 | H6: Blue Slope, Curved 4 x 1 x 2/3 Double | K6: Blue Slope, Curved 4 x 1 | N6: Blue Slope, Curved 2 x 1 x 2/3 | Q6: Blue Plate 1 x 2 | T6: Blue Brick, Modified 1 x 1 with Headlight
B7: #VALUE! | C7: Nr. | D7: 6172414 | E7: #VALUE! | F7: Nr. | G7: 6333512 | H7: #VALUE! | I7: Nr. | J7: 4649773 | K7: #VALUE! | L7: Nr. | M7: 6045938 | N7: #VALUE! | O7: Nr. | P7: 6055065 | Q7: #VALUE! | R7: Nr. | S7: 302323 | T7: #VALUE! | U7: Nr. | V7: 407023
C8: Gewicht | D8: 0.2242 | F8: Gewicht | G8: 0.3504 | I8: Gewicht | J8: 0.589 | L8: Gewicht | M8: 0.7661 | O8: Gewicht | P8: 0.306 | R8: Gewicht | S8: 0.334 | U8: Gewicht | V8: 0.3406
C9: Anzahl | D9: 2 | F9: Anzahl | G9: 2 | I9: Anzahl | J9: 2 | L9: Anzahl | M9: 2 | O9: Anzahl | P9: 2 | R9: Anzahl | S9: 2 | U9: Anzahl | V9: 2
B11: Trans-Clear Slope 30 1 x 1 x 2/3 | E11: Black Plate, Round 1 x 1 | H11: Blue Slope 30 1 x 1 x 2/3 | K11: Blue Tile, Round 1 x 1 Quarter | N11: Black Tile 1 x 1 with Groove | Q11: Part 36841 Bracket 1 x 1 - 1 x 1 | T11: Blue Plate 2 x 2 Corner
B12: #VALUE! | C12: Nr. | D12: 6245250 | E12: #VALUE! | F12: Nr. | G12: 614126 | H12: #VALUE! | I12: Nr. | J12: 4296154 | K12: #VALUE! | L12: Nr. | M12: 6302961 | N12: #VALUE! | O12: Nr. | P12: 307026 | Q12: #VALUE! | R12: Nr. | S12: 6299338 | T12: #VALUE! | U12: Nr. | V12: 242023
C13: Gewicht | D13: 0.2116 | F13: Gewicht | G13: 0.1083 | I13: Gewicht | J13: 0.1835 | L13: Gewicht | M13: 0.1066 | O13: Gewicht | P13: 0.1436 | R13: Gewicht | S13: 0.2834 | U13: Gewicht | V13: 0.4974
C14: Anzahl | D14: 0 | F14: Anzahl | G14: 3 | I14: Anzahl | J14: 3 | L14: Anzahl | M14: 4 | O14: Anzahl | P14: 1 | R14: Anzahl | S14: 6 | U14: Anzahl | V14: 8
B16: White Plate 1 x 2 | E16: White Plate 2 x 3 | H16: Yellow Plate, Round 1 x 1 | K16: Light Bluish Gray Plate, Modified with Wheel Holder | N16: Black Bracket 1 x 2 - 1 x 2 | Q16: Black Plate 3 x 3 | T16: Blue Slope 30 1 x 2 x 2/3
B17: #VALUE! | C17: Nr. | D17: 302301 | E17: #VALUE! | F17: Nr. | G17: 302101 | H17: #VALUE! | I17: Nr. | J17: 614124 | K17: #VALUE! | L17: Nr. | M17: 6125569 | N17: #VALUE! | O17: Nr. | P17: 6016172 | Q17: #VALUE! | R17: Nr. | S17: 6174917 | T17: #VALUE! | U17: Nr. | V17: 4651236
C18: Gewicht | D18: 0.3367 | F18: Gewicht | G18: 0.8767 | I18: Gewicht | J18: 0.1088 | L18: Gewicht | M18: 0.4478 | O18: Gewicht | P18: 0.5403 | R18: Gewicht | S18: 1.2561 | U18: Gewicht | V18: 0.2736
C19: Anzahl | D19: 0 | F19: Anzahl | G19: 1 | I19: Anzahl | J19: 3 | L19: Anzahl | M19: 4 | O19: Anzahl | P19: 4 | R19: Anzahl | S19: 4 | U19: Anzahl | V19: 4
B21: Red Bracket 1 x 2 - 1 x 4 with Two Rounded Corners at the Bottom | E21: Trans-Red Tile, Modified 1 x 2 Grille with Bottom Groove / Lip | H21: Red Tile, Round 1 x 1 Quarter | K21: Red Tile, Modified 2 x 2 with Studs on Edge | N21: Red Slope, Curved 2 x 1 x 2/3 | Q21: Red Slope 45 2 x 1 with 2/3 Cutout | T21: Red Plate 1 x 4
B22: #VALUE! | C22: Nr. | D22: 6168619 | E22: #VALUE! | F22: Nr. | G22: 6250158 | H22: #VALUE! | I22: Nr. | J22: 6170390 | K22: #VALUE! | L22: Nr. | M22: 6219819 | N22: #VALUE! | O22: Nr. | P22: 6029946 | Q22: #VALUE! | R22: Nr. | S22: 6053011 | T22: #VALUE! | U22: Nr. | V22: 371021
C23: Gewicht | D23: 0.7817 | F23: Gewicht | G23: 0.2397 | I23: Gewicht | J23: 0.1071 | L23: Gewicht | M23: 0.5492 | O23: Gewicht | P23: 0.3011 | R23: Gewicht | S23: 0.4087 | U23: Gewicht | V23: 0.6503
C24: Anzahl | D24: 0 | F24: Anzahl | G24: 0 | I24: Anzahl | J24: 2 | L24: Anzahl | M24: 0 | O24: Anzahl | P24: 0 | R24: Anzahl | S24: 0 | U24: Anzahl | V24: 0
B26: White Tile, Round 1 x 1 Half Circle Extended | E26: Light Bluish Gray Tile 1 x 1 with Groove | H26: Blue Wedge, Plate 2 x 2 Right | K26: Blue Wedge, Plate 2 x 2 Left | N26: Blue Tile 2 x 2 with Groove | Q26: Red Plate 1 x 2 | T26: Blue Wedge 2 x 1 x 2/3 Right
B27: #VALUE! | C27: Nr. | D27: 6131655 | E27: #VALUE! | F27: Nr. | G27: 4211415 | H27: #VALUE! | I27: Nr. | J27: 6189202 | K27: #VALUE! | L27: Nr. | M27: 6189198 | N27: #VALUE! | O27: Nr. | P27: 306823 | Q27: #VALUE! | R27: Nr. | S27: 302321 | T27: #VALUE! | U27: Nr. | V27: 6172411
C28: Gewicht | D28: 0.1257 | F28: Gewicht | G28: 0.1418 | I28: Gewicht | J28: 0.4511 | L28: Gewicht | M28: 0.4535 | O28: Gewicht | P28: 0.4796 | R28: Gewicht | S28: 0.3331 | U28: Gewicht | V28: 0.2242
C29: Anzahl | D29: 2 | F29: Anzahl | G29: 1 | I29: Anzahl | J29: 1 | L29: Anzahl | M29: 1 | O29: Anzahl | P29: 1 | R29: Anzahl | S29: 0 | U29: Anzahl | V29: 2
B31: Blue Tile 1 x 2 with Groove | E31: Blue Plate 1 x 10 | H31: Black Tile, Modified 1 x 2 Grille with Bottom Groove / Lip | K31: Black Tile, 1 x 4 | N31: Red Slope, Curved 4 x 2 | Q31: Red Vehicla, Mudguard 2 x 4 with Arch Studded with Hole | T31: Red Wedge 3 x 4 x 2/3 Curved with Cutout
B32: #VALUE! | C32: Nr. | D32: 306923 | E32: #VALUE! | F32: Nr. | G32: 447723 | H32: #VALUE! | I32: Nr. | J32: 241226 | K32: #VALUE! | L32: Nr. | M32: 243126 | N32: #VALUE! | O32: Nr. | P32: 4613174 | Q32: #VALUE! | R32: Nr. | S32: 4518231 | T32: #VALUE! | U32: Nr. | V32: 6179656
C33: Gewicht | D33: 0.2575 | F33: Gewicht | G33: 1.6056 | I33: Gewicht | J33: 0.2158 | L33: Gewicht | M33: 0.5271 | O33: Gewicht | P33: 1.3333 | R33: Gewicht | S33: 1.3094 | U33: Gewicht | V33: 1.4239
C34: Anzahl | D34: 1 | F34: Anzahl | G34: 1 | I34: Anzahl | J34: 1 | L34: Anzahl | M34: 0 | O34: Anzahl | P34: 0 | R34: Anzahl | S34: 0 | U34: Anzahl | V34: 0
B36: Lagerbock 100-000-001 | E36: Sicherungsring DIN 471 - 1,0 x 1,0 | H36: Sicherungsring DIN 472 - 30 x 1,2 | K36: Rillenkugellager DIN 625 - 6200 - P2 | N36: Gewindestift ISO 4027 - M4 x 6 - A5 - 45H | Q36: Black Plate 2 x 3 | T36: Black Brick, Modified 1 x 1 with Stud on Side
B37: #VALUE! | C37: Nr. | D37: L007001 | E37: #VALUE! | F37: Nr. | G37: L007002 | H37: #VALUE! | I37: Nr. | J37: L007003 | K37: #VALUE! | L37: Nr. | M37: L007004 | N37: #VALUE! | O37: Nr. | P37: L007005 | Q37: #VALUE! | R37: Nr. | S37: 302126 | T37: #VALUE! | U37: Nr. | V37: 4558954
C38: Gewicht | D38: 8.88 | F38: Gewicht | G38: 0.405 | I38: Gewicht | J38: 1.9188 | L38: Gewicht | M38: 30.775 | O38: Gewicht | P38: 0.2825 | R38: Gewicht | S38: 0.8589 | U38: Gewicht | V38: 0.4278
C39: Anzahl | D39: 0 | F39: Anzahl | G39: 0 | I39: Anzahl | J39: 0 | L39: Anzahl | M39: 0 | O39: Anzahl | P39: 0 | R39: Anzahl | S39: 1 | U39: Anzahl | V39: 1
B42: Rechte Seite
B44: Black Bracket 1 x 2 - 1 x 4 with Two Rounded Corners at the Bottom | E44: Black Bracket 1 x 2 - 2 x 2 | H44: Black Plate 1 x 1 | K44: Part 54200 Slope 30 1 x 1 x 2/3 | N44: Dark Orange Plate Round 1 x 1 | Q44: Black Panel 1 x 1 x 1 Corner | T44: Red Plate 1 x 1
B45: #VALUE! | C45: Nr. | D45: 6168620 | E45: #VALUE! | F45: Nr. | G45: 6117973 | H45: #VALUE! | I45: Nr. | J45: 302426 | K45: #VALUE! | L45: Nr. | M45: 4287159 | N45: #VALUE! | O45: Nr. | P45: 6315782 | Q45: #VALUE! | R45: Nr. | S45: 4106347 | T45: #VALUE! | U45: Nr. | V45: 302421
C46: Gewicht | D46: 0.7731 | F46: Gewicht | G46: 0.7924 | I46: Gewicht | J46: 0.1745 | L46: Gewicht | M46: 0.1848 | O46: Gewicht | P46: 0.1043 | R46: Gewicht | S46: 0.2889 | U46: Gewicht | V46: 0.175
C47: Anzahl | D47: 0 | F47: Anzahl | G47: 0 | I47: Anzahl | J47: 0 | L47: Anzahl | M47: 0 | O47: Anzahl | P47: 0 | R47: Anzahl | S47: 0 | U47: Anzahl | V47: 0
B49: Black Wheel 11mm 0. x 6mm with 8 'Y' Spokes | E49: Red Slope 30 1 x 2 x 2/3 | H49: Black Plate 1 x 4 | K49: Black Slope 30 1 x 2 x 2/3 | N49: Black Bracket 1 x 2 - 2 x 4 | Q49: Nougat Plate 2 x 4 | T49: Black Wedge, Plate 2 x 2 Right
B50: #VALUE! | C50: Nr. | D50: 4613162 | E50: #VALUE! | F50: Nr. | G50: 4651524 | H50: #VALUE! | I50: Nr. | J50: 371026 | K50: #VALUE! | L50: Nr. | M50: 4548180 | N50: #VALUE! | O50: Nr. | P50: 6118829 | Q50: #VALUE! | R50: Nr. | S50: 4497049 | T50: #VALUE! | U50: Nr. | V50: 6141556
C51: Gewicht | D51: 0.3292 | F51: Gewicht | G51: 0.3408 | I51: Gewicht | J51: 0.6427 | L51: Gewicht | M51: 0.3507 | O51: Gewicht | P51: 1.2711 | R51: Gewicht | S51: 1.1502 | U51: Gewicht | V51: 0.45
C52: Anzahl | D52: 4 | F52: Anzahl | G52: 0 | I52: Anzahl | J52: 0 | L52: Anzahl | M52: 0 | O52: Anzahl | P52: 0 | R52: Anzahl | S52: 0 | U52: Anzahl | V52: 0
B54: Black Tire 14mm 0. x 6mm Solid Smooth | E54: Black Tile, Modified 2 x 2 with Studs on Edge | H54: Metallic Gold Tile 1 x 2 with Groove | K54: Black Tile 1 x 3 | N54: Black Plate 2 x 6 | Q54: Black Slope, Curved 2 x 1 x 2/3 | T54: White Bracket 1 x 2 - 1 x 4 with Two Rounded Corners at the Bottom
B55: #VALUE! | C55: Nr. | D55: 4246901 | E55: #VALUE! | F55: Nr. | G55: 6192346 | H55: #VALUE! | I55: Nr. | J55: 6265247 | K55: #VALUE! | L55: Nr. | M55: 4558170 | N55: #VALUE! | O55: Nr. | P55: 379526 | Q55: #VALUE! | R55: Nr. | S55: 6047276 | T55: #VALUE! | U55: Nr. | V55: 6168618
C56: Gewicht | D56: 0.3617 | F56: Gewicht | G56: 0.5422 | I56: Gewicht | J56: 0.2619 | L56: Gewicht | M56: 0.395 | O56: Gewicht | P56: 1.6467 | R56: Gewicht | S56: 0.3023 | U56: Gewicht | V56: 0.7843
C57: Anzahl | D57: 4 | F57: Anzahl | G57: 0 | I57: Anzahl | J57: 0 | L57: Anzahl | M57: 1 | O57: Anzahl | P57: 0 | R57: Anzahl | S57: 0 | U57: Anzahl | V57: 0
B59: Black Plate 1 x 2 | E59: Black Wedge, Plate 2 x 2 Left | H59: Dark Bluish Gray Plate 1 x 2 | K59: Light Bluish Gray Plate, Modified 2 x 2 with Wheels Holder Wide and Hole | N59: Metallic Gold Tile 1 x 1 with Groove | Q59: Trans-Clear Plate, Round 1 x 1 with Bar Handle on Short Stem | T59: Black Plate, Modified 1 x 2 with 1 Stud with Groove and Bottom Stud Holder (Jumper)
B60: #VALUE! | C60: Nr. | D60: 302326 | E60: #VALUE! | F60: Nr. | G60: 6141554 | H60: #VALUE! | I60: Nr. | J60: 4211063 | K60: #VALUE! | L60: Nr. | M60: 6387244 | N60: #VALUE! | O60: Nr. | P60: 6264167 | Q60: #VALUE! | R60: Nr. | S60: 6321083 | T60: #VALUE! | U60: Nr. | V60: 6092585
C61: Gewicht | D61: 0.3326 | F61: Gewicht | G61: 0.4525 | I61: Gewicht | J61: 0.3345 | L61: Gewicht | M61: 1.0692 | O61: Gewicht | P61: 0.1411 | R61: Gewicht | S61: 0.1428 | U61: Gewicht | V61: 0.283
C62: Anzahl | D62: 0 | F62: Anzahl | G62: 0 | I62: Anzahl | J62: 0 | L62: Anzahl | M62: 0 | O62: Anzahl | P62: 0 | R62: Anzahl | S62: 0 | U62: Anzahl | V62: 0
B64: Dark Orange Plate 2 x 6 | E64: Black Plate, Modified 1 x 2 with 2 Open 0 Clips (Horizontal Grip) | H64: White Plate, Modified 3 x 3 Cross | K64: Metallic Silver Tile 1 x 2 with Groove with Black Grille Pattern - 10 Bars | N64: Pearl Gold Bar 3L (Bar Arrow) | Q64: Black Wedge 2 x 1 x 2/3 Left | T64: Black Wedge 3 x 4 x 2/3 Curved with Coutout
B65: #VALUE! | C65: Nr. | D65: 4603745 | E65: #VALUE! | F65: Nr. | G65: 6310268 | H65: #VALUE! | I65: Nr. | J65: 6099412 | K65: #VALUE! | L65: Nr. | M65: 6242566 | N65: #VALUE! | O65: Nr. | P65: 6093529 | Q65: #VALUE! | R65: Nr. | S65: 6181720 | T65: #VALUE! | U65: Nr. | V65: 6179660
C66: Gewicht | D66: 1.6944 | F66: Gewicht | G66: 0.527 | I66: Gewicht | J66: 0.8617 | L66: Gewicht | M66: 0.2624 | O66: Gewicht | P66: 0.1981 | R66: Gewicht | S66: 0.2245 | U66: Gewicht | V66: 1.4171
C67: Anzahl | D67: 0 | F67: Anzahl | G67: 0 | I67: Anzahl | J67: 2 | L67: Anzahl | M67: 0 | O67: Anzahl | P67: 0 | R67: Anzahl | S67: 0 | U67: Anzahl | V67: 0
B69: Black Vehicle, Mudguard 2 x 4 with Arch Studded with Hole | E69: Black Tile, Modified 1 x 1 with Open 0 Clip | H69: Black Tile 2 x 2 with Groove | K69: Black Wedge 2 x 1 x 2/3 Right | N69: Black Plate, Modified 1 x 2 with Bar Handle on Side - Closed Ends | Q69: Black Slope, Curved 2 x 2 x 2/3 | T69: Black Panel 1 x 2 x 1 with Rounded Corners and Center Divider
B70: #VALUE! | C70: Nr. | D70: 4518608 | E70: #VALUE! | F70: Nr. | G70: 6335388 | H70: #VALUE! | I70: Nr. | J70: 306826 | K70: #VALUE! | L70: Nr. | M70: 6181713 | N70: #VALUE! | O70: Nr. | P70: 4225201 | Q70: #VALUE! | R70: Nr. | S70: 6053077 | T70: #VALUE! | U70: Nr. | V70: 6115086
C71: Gewicht | D71: 1.3141 | F71: Gewicht | G71: 0.21 | I71: Gewicht | J71: 0.472 | L71: Gewicht | M71: 0.2213 | O71: Gewicht | P71: 0.5356 | R71: Gewicht | S71: 0.5522 | U71: Gewicht | V71: 0.4686
C72: Anzahl | D72: 0 | F72: Anzahl | G72: 0 | I72: Anzahl | J72: 0 | L72: Anzahl | M72: 0 | O72: Anzahl | P72: 0 | R72: Anzahl | S72: 0 | U72: Anzahl | V72: 0
B74: Dark Bluish Gray Slope, Curved 2 x 2 x 2/3 | E74: Dark Bluish Gray Plate 2 x 4 | H74: Dark Bluish Gray Plate 2 x 8 | K74: X | N74: Zahnrad 100-000-003 | Q74: Sterngriff 100-000-004 | T74: Welle 100-000-002
B75: #VALUE! | C75: Nr. | D75: 6071261 | E75: #VALUE! | F75: Nr. | G75: 4211065 | H75: #VALUE! | I75: Nr. | J75: 4210997 | K75: / | L75: Nr. | M75: / | N75: #VALUE! | O75: Nr. | P75: R007005 | Q75: #VALUE! | R75: Nr. | S75: R007006 | T75: #VALUE! | U75: Nr. | V75: R007007
C76: Gewicht | D76: 0.5567 | F76: Gewicht | G76: 1.142 | I76: Gewicht | J76: 2.2164 | L76: Gewicht | M76: 0 | O76: Gewicht | P76: 11.8361 | R76: Gewicht | S76: 4.4545 | U76: Gewicht | V76: 4.6014
C77: Anzahl | D77: 0 | F77: Anzahl | G77: 0 | I77: Anzahl | J77: 0 | L77: Anzahl | M77: 0 | O77: Anzahl | P77: 0 | R77: Anzahl | S77: 0 | U77: Anzahl | V77: 0
B79: 85 Teile

Sheet Gesamtuebersicht_Summe
B2: Kommissioniersystem
B4: Linke Seite
B6: Blue Wedge 2 x 1 x 2/3 Left | E6: Blue Tile, Modified Facet 2 x 2 | H6: Blue Slope, Curved 4 x 1 x 2/3 Double | K6: Blue Slope, Curved 4 x 1 | N6: Blue Slope, Curved 2 x 1 x 2/3 | Q6: Blue Plate 1 x 2 | T6: Blue Brick, Modified 1 x 1 with Headlight
B7: #VALUE! | C7: Nr. | D7: 6172414 | E7: #VALUE! | F7: Nr. | G7: 6333512 | H7: #VALUE! | I7: Nr. | J7: 4649773 | K7: #VALUE! | L7: Nr. | M7: 6045938 | N7: #VALUE! | O7: Nr. | P7: 6055065 | Q7: #VALUE! | R7: Nr. | S7: 302323 | T7: #VALUE! | U7: Nr. | V7: 407023
C8: Gewicht | D8: 0.2242 | F8: Gewicht | G8: 0.3504 | I8: Gewicht | J8: 0.589 | L8: Gewicht | M8: 0.7661 | O8: Gewicht | P8: 0.306 | R8: Gewicht | S8: 0.334 | U8: Gewicht | V8: 0.3406
C9: Anzahl | D9: =Muscle_Car!D9+Lamborghini!D9+McLaren!D9 -> 2 | F9: Anzahl | G9: =Muscle_Car!G9+Lamborghini!G9+McLaren!G9 -> 2 | I9: Anzahl | J9: =Muscle_Car!J9+Lamborghini!J9+McLaren!J9 -> 2 | L9: Anzahl | M9: =Muscle_Car!M9+Lamborghini!M9+McLaren!M9 -> 2 | O9: Anzahl | P9: =Muscle_Car!P9+Lamborghini!P9+McLaren!P9 -> 2 | R9: Anzahl | S9: =Muscle_Car!S9+Lamborghini!S9+McLaren!S9 -> 2 | U9: Anzahl | V9: =Muscle_Car!V9+Lamborghini!V9+McLaren!V9 -> 2
B11: Trans-Clear Slope 30 1 x 1 x 2/3 | E11: Black Plate, Round 1 x 1 | H11: Blue Slope 30 1 x 1 x 2/3 | K11: Blue Tile, Round 1 x 1 Quarter | N11: Black Tile 1 x 1 with Groove | Q11: Part 36841 Bracket 1 x 1 - 1 x 1 | T11: Blue Plate 2 x 2 Corner
B12: #VALUE! | C12: Nr. | D12: 6245250 | E12: #VALUE! | F12: Nr. | G12: 614126 | H12: #VALUE! | I12: Nr. | J12: 4296154 | K12: #VALUE! | L12: Nr. | M12: 6302961 | N12: #VALUE! | O12: Nr. | P12: 307026 | Q12: #VALUE! | R12: Nr. | S12: 6299338 | T12: #VALUE! | U12: Nr. | V12: 242023
C13: Gewicht | D13: 0.2116 | F13: Gewicht | G13: 0.1083 | I13: Gewicht | J13: 0.1835 | L13: Gewicht | M13: 0.1066 | O13: Gewicht | P13: 0.1436 | R13: Gewicht | S13: 0.2834 | U13: Gewicht | V13: 0.4974
C14: Anzahl | D14: =Muscle_Car!D14+Lamborghini!D14+McLaren!D14 -> 2 | F14: Anzahl | G14: =Muscle_Car!G14+Lamborghini!G14+McLaren!G14 -> 3 | I14: Anzahl | J14: =Muscle_Car!J14+Lamborghini!J14+McLaren!J14 -> 3 | L14: Anzahl | M14: =Muscle_Car!M14+Lamborghini!M14+McLaren!M14 -> 4 | O14: Anzahl | P14: =Muscle_Car!P14+Lamborghini!P14+McLaren!P14 -> 6 | R14: Anzahl | S14: =Muscle_Car!S14+Lamborghini!S14+McLaren!S14 -> 6 | U14: Anzahl | V14: =Muscle_Car!V14+Lamborghini!V14+McLaren!V14 -> 8
B16: White Plate 1 x 2 | E16: White Plate 2 x 3 | H16: Yellow Plate, Round 1 x 1 | K16: Light Bluish Gray Plate, Modified with Wheel Holder | N16: Black Bracket 1 x 2 - 1 x 2 | Q16: Black Plate 3 x 3 | T16: Blue Slope 30 1 x 2 x 2/3
B17: #VALUE! | C17: Nr. | D17: 302301 | E17: #VALUE! | F17: Nr. | G17: 302101 | H17: #VALUE! | I17: Nr. | J17: 614124 | K17: #VALUE! | L17: Nr. | M17: 6125569 | N17: #VALUE! | O17: Nr. | P17: 6016172 | Q17: #VALUE! | R17: Nr. | S17: 6174917 | T17: #VALUE! | U17: Nr. | V17: 4651236
C18: Gewicht | D18: 0.3367 | F18: Gewicht | G18: 0.8767 | I18: Gewicht | J18: 0.1088 | L18: Gewicht | M18: 0.4478 | O18: Gewicht | P18: 0.5403 | R18: Gewicht | S18: 1.2561 | U18: Gewicht | V18: 0.2736
C19: Anzahl | D19: =Muscle_Car!D19+Lamborghini!D19+McLaren!D19 -> 1 | F19: Anzahl | G19: =Muscle_Car!G19+Lamborghini!G19+McLaren!G19 -> 1 | I19: Anzahl | J19: =Muscle_Car!J19+Lamborghini!J19+McLaren!J19 -> 3 | L19: Anzahl | M19: =Muscle_Car!M19+Lamborghini!M19+McLaren!M19 -> 4 | O19: Anzahl | P19: =Muscle_Car!P19+Lamborghini!P19+McLaren!P19 -> 4 | R19: Anzahl | S19: =Muscle_Car!S19+Lamborghini!S19+McLaren!S19 -> 4 | U19: Anzahl | V19: =Muscle_Car!V19+Lamborghini!V19+McLaren!V19 -> 4
B21: Red Bracket 1 x 2 - 1 x 4 with Two Rounded Corners at the Bottom | E21: Trans-Red Tile, Modified 1 x 2 Grille with Bottom Groove / Lip | H21: Red Tile, Round 1 x 1 Quarter | K21: Red Tile, Modified 2 x 2 with Studs on Edge | N21: Red Slope, Curved 2 x 1 x 2/3 | Q21: Red Slope 45 2 x 1 with 2/3 Cutout | T21: Red Plate 1 x 4
B22: #VALUE! | C22: Nr. | D22: 6168619 | E22: #VALUE! | F22: Nr. | G22: 6250158 | H22: #VALUE! | I22: Nr. | J22: 6170390 | K22: #VALUE! | L22: Nr. | M22: 6219819 | N22: #VALUE! | O22: Nr. | P22: 6029946 | Q22: #VALUE! | R22: Nr. | S22: 6053011 | T22: #VALUE! | U22: Nr. | V22: 371021
C23: Gewicht | D23: 0.7817 | F23: Gewicht | G23: 0.2397 | I23: Gewicht | J23: 0.1071 | L23: Gewicht | M23: 0.5492 | O23: Gewicht | P23: 0.3011 | R23: Gewicht | S23: 0.4087 | U23: Gewicht | V23: 0.6503
C24: Anzahl | D24: =Muscle_Car!D24+Lamborghini!D24+McLaren!D24 -> 2 | F24: Anzahl | G24: =Muscle_Car!G24+Lamborghini!G24+McLaren!G24 -> 2 | I24: Anzahl | J24: =Muscle_Car!J24+Lamborghini!J24+McLaren!J24 -> 2 | L24: Anzahl | M24: =Muscle_Car!M24+Lamborghini!M24+McLaren!M24 -> 2 | O24: Anzahl | P24: =Muscle_Car!P24+Lamborghini!P24+McLaren!P24 -> 2 | R24: Anzahl | S24: =Muscle_Car!S24+Lamborghini!S24+McLaren!S24 -> 2 | U24: Anzahl | V24: =Muscle_Car!V24+Lamborghini!V24+McLaren!V24 -> 2
B26: White Tile, Round 1 x 1 Half Circle Extended | E26: Light Bluish Gray Tile 1 x 1 with Groove | H26: Blue Wedge, Plate 2 x 2 Right | K26: Blue Wedge, Plate 2 x 2 Left | N26: Blue Tile 2 x 2 with Groove | Q26: Red Plate 1 x 2 | T26: Blue Wedge 2 x 1 x 2/3 Right
B27: #VALUE! | C27: Nr. | D27: 6131655 | E27: #VALUE! | F27: Nr. | G27: 4211415 | H27: #VALUE! | I27: Nr. | J27: 6189202 | K27: #VALUE! | L27: Nr. | M27: 6189198 | N27: #VALUE! | O27: Nr. | P27: 306823 | Q27: #VALUE! | R27: Nr. | S27: 302321 | T27: #VALUE! | U27: Nr. | V27: 6172411
C28: Gewicht | D28: 0.1257 | F28: Gewicht | G28: 0.1418 | I28: Gewicht | J28: 0.4511 | L28: Gewicht | M28: 0.4535 | O28: Gewicht | P28: 0.4796 | R28: Gewicht | S28: 0.3331 | U28: Gewicht | V28: 0.2242
C29: Anzahl | D29: =Muscle_Car!D29+Lamborghini!D29+McLaren!D29 -> 2 | F29: Anzahl | G29: =Muscle_Car!G29+Lamborghini!G29+McLaren!G29 -> 1 | I29: Anzahl | J29: =Muscle_Car!J29+Lamborghini!J29+McLaren!J29 -> 1 | L29: Anzahl | M29: =Muscle_Car!M29+Lamborghini!M29+McLaren!M29 -> 1 | O29: Anzahl | P29: =Muscle_Car!P29+Lamborghini!P29+McLaren!P29 -> 1 | R29: Anzahl | S29: =Muscle_Car!S29+Lamborghini!S29+McLaren!S29 -> 2 | U29: Anzahl | V29: =Muscle_Car!V29+Lamborghini!V29+McLaren!V29 -> 2
B31: Blue Tile 1 x 2 with Groove | E31: Blue Plate 1 x 10 | H31: Black Tile, Modified 1 x 2 Grille with Bottom Groove / Lip | K31: Black Tile, 1 x 4 | N31: Red Slope, Curved 4 x 2 | Q31: Red Vehicla, Mudguard 2 x 4 with Arch Studded with Hole | T31: Red Wedge 3 x 4 x 2/3 Curved with Cutout
B32: #VALUE! | C32: Nr. | D32: 306923 | E32: #VALUE! | F32: Nr. | G32: 447723 | H32: #VALUE! | I32: Nr. | J32: 241226 | K32: #VALUE! | L32: Nr. | M32: 243126 | N32: #VALUE! | O32: Nr. | P32: 4613174 | Q32: #VALUE! | R32: Nr. | S32: 4518231 | T32: #VALUE! | U32: Nr. | V32: 6179656
C33: Gewicht | D33: 0.2575 | F33: Gewicht | G33: 1.6056 | I33: Gewicht | J33: 0.2158 | L33: Gewicht | M33: 0.5271 | O33: Gewicht | P33: 1.3333 | R33: Gewicht | S33: 1.3094 | U33: Gewicht | V33: 1.4239
C34: Anzahl | D34: =Muscle_Car!D34+Lamborghini!D34+McLaren!D34 -> 1 | F34: Anzahl | G34: =Muscle_Car!G34+Lamborghini!G34+McLaren!G34 -> 1 | I34: Anzahl | J34: =Muscle_Car!J34+Lamborghini!J34+McLaren!J34 -> 1 | L34: Anzahl | M34: =Muscle_Car!M34+Lamborghini!M34+McLaren!M34 -> 4 | O34: Anzahl | P34: =Muscle_Car!P34+Lamborghini!P34+McLaren!P34 -> 1 | R34: Anzahl | S34: =Muscle_Car!S34+Lamborghini!S34+McLaren!S34 -> 1 | U34: Anzahl | V34: =Muscle_Car!V34+Lamborghini!V34+McLaren!V34 -> 1
B36: Lagerbock 100-000-001 | E36: Sicherungsring DIN 471 - 1,0 x 1,0 | H36: Sicherungsring DIN 472 - 30 x 1,2 | K36: Rillenkugellager DIN 625 - 6200 - P2 | N36: Gewindestift ISO 4027 - M4 x 6 - A5 - 45H | Q36: Black Plate 2 x 3 | T36: Black Brick, Modified 1 x 1 with Stud on Side
B37: #VALUE! | C37: Nr. | D37: L007001 | E37: #VALUE! | F37: Nr. | G37: L007002 | H37: #VALUE! | I37: Nr. | J37: L007003 | K37: #VALUE! | L37: Nr. | M37: L007004 | N37: #VALUE! | O37: Nr. | P37: L007005 | Q37: #VALUE! | R37: Nr. | S37: 302126 | T37: #VALUE! | U37: Nr. | V37: 4558954
C38: Gewicht | D38: 8.88 | F38: Gewicht | G38: 0.405 | I38: Gewicht | J38: 1.9188 | L38: Gewicht | M38: 30.775 | O38: Gewicht | P38: 0.2825 | R38: Gewicht | S38: 0.8589 | U38: Gewicht | V38: 0.4278
C39: Anzahl | D39: =Muscle_Car!D39+Lamborghini!D39+McLaren!D39 -> 0 | F39: Anzahl | G39: =Muscle_Car!G39+Lamborghini!G39+McLaren!G39 -> 0 | I39: Anzahl | J39: =Muscle_Car!J39+Lamborghini!J39+McLaren!J39 -> 0 | L39: Anzahl | M39: =Muscle_Car!M39+Lamborghini!M39+McLaren!M39 -> 0 | O39: Anzahl | P39: =Muscle_Car!P39+Lamborghini!P39+McLaren!P39 -> 0 | R39: Anzahl | S39: =Muscle_Car!S39+Lamborghini!S39+McLaren!S39 -> 1 | U39: Anzahl | V39: =Muscle_Car!V39+Lamborghini!V39+McLaren!V39 -> 1
B42: Rechte Seite
B44: Black Bracket 1 x 2 - 1 x 4 with Two Rounded Corners at the Bottom | E44: Black Bracket 1 x 2 - 2 x 2 | H44: Black Plate 1 x 1 | K44: Part 54200 Slope 30 1 x 1 x 2/3 | N44: Dark Orange Plate Round 1 x 1 | Q44: Black Panel 1 x 1 x 1 Corner | T44: Red Plate 1 x 1
B45: #VALUE! | C45: Nr. | D45: 6168620 | E45: #VALUE! | F45: Nr. | G45: 6117973 | H45: #VALUE! | I45: Nr. | J45: 302426 | K45: #VALUE! | L45: Nr. | M45: 4287159 | N45: #VALUE! | O45: Nr. | P45: 6315782 | Q45: #VALUE! | R45: Nr. | S45: 4106347 | T45: #VALUE! | U45: Nr. | V45: 302421
C46: Gewicht | D46: 0.7731 | F46: Gewicht | G46: 0.7924 | I46: Gewicht | J46: 0.1745 | L46: Gewicht | M46: 0.1848 | O46: Gewicht | P46: 0.1043 | R46: Gewicht | S46: 0.2889 | U46: Gewicht | V46: 0.175
C47: Anzahl | D47: =Muscle_Car!D47+Lamborghini!D47+McLaren!D47 -> 2 | F47: Anzahl | G47: =Muscle_Car!G47+Lamborghini!G47+McLaren!G47 -> 2 | I47: Anzahl | J47: =Muscle_Car!J47+Lamborghini!J47+McLaren!J47 -> 4 | L47: Anzahl | M47: =Muscle_Car!M47+Lamborghini!M47+McLaren!M47 -> 2 | O47: Anzahl | P47: =Muscle_Car!P47+Lamborghini!P47+McLaren!P47 -> 2 | R47: Anzahl | S47: =Muscle_Car!S47+Lamborghini!S47+McLaren!S47 -> 2 | U47: Anzahl | V47: =Muscle_Car!V47+Lamborghini!V47+McLaren!V47 -> 2
B49: Black Wheel 11mm 0. x 6mm with 8 'Y' Spokes | E49: Red Slope 30 1 x 2 x 2/3 | H49: Black Plate 1 x 4 | K49: Black Slope 30 1 x 2 x 2/3 | N49: Black Bracket 1 x 2 - 2 x 4 | Q49: Nougat Plate 2 x 4 | T49: Black Wedge, Plate 2 x 2 Right
B50: #VALUE! | C50: Nr. | D50: 4613162 | E50: #VALUE! | F50: Nr. | G50: 4651524 | H50: #VALUE! | I50: Nr. | J50: 371026 | K50: #VALUE! | L50: Nr. | M50: 4548180 | N50: #VALUE! | O50: Nr. | P50: 6118829 | Q50: #VALUE! | R50: Nr. | S50: 4497049 | T50: #VALUE! | U50: Nr. | V50: 6141556
C51: Gewicht | D51: 0.3292 | F51: Gewicht | G51: 0.3408 | I51: Gewicht | J51: 0.6427 | L51: Gewicht | M51: 0.3507 | O51: Gewicht | P51: 1.2711 | R51: Gewicht | S51: 1.1502 | U51: Gewicht | V51: 0.45
C52: Anzahl | D52: =Muscle_Car!D52+Lamborghini!D52+McLaren!D52 -> 12 | F52: Anzahl | G52: =Muscle_Car!G52+Lamborghini!G52+McLaren!G52 -> 5 | I52: Anzahl | J52: =Muscle_Car!J52+Lamborghini!J52+McLaren!J52 -> 4 | L52: Anzahl | M52: =Muscle_Car!M52+Lamborghini!M52+McLaren!M52 -> 3 | O52: Anzahl | P52: =Muscle_Car!P52+Lamborghini!P52+McLaren!P52 -> 3 | R52: Anzahl | S52: =Muscle_Car!S52+Lamborghini!S52+McLaren!S52 -> 3 | U52: Anzahl | V52: =Muscle_Car!V52+Lamborghini!V52+McLaren!V52 -> 2
B54: Black Tire 14mm 0. x 6mm Solid Smooth | E54: Black Tile, Modified 2 x 2 with Studs on Edge | H54: Metallic Gold Tile 1 x 2 with Groove | K54: Black Tile 1 x 3 | N54: Black Plate 2 x 6 | Q54: Black Slope, Curved 2 x 1 x 2/3 | T54: White Bracket 1 x 2 - 1 x 4 with Two Rounded Corners at the Bottom
B55: #VALUE! | C55: Nr. | D55: 4246901 | E55: #VALUE! | F55: Nr. | G55: 6192346 | H55: #VALUE! | I55: Nr. | J55: 6265247 | K55: #VALUE! | L55: Nr. | M55: 4558170 | N55: #VALUE! | O55: Nr. | P55: 379526 | Q55: #VALUE! | R55: Nr. | S55: 6047276 | T55: #VALUE! | U55: Nr. | V55: 6168618
C56: Gewicht | D56: 0.3617 | F56: Gewicht | G56: 0.5422 | I56: Gewicht | J56: 0.2619 | L56: Gewicht | M56: 0.395 | O56: Gewicht | P56: 1.6467 | R56: Gewicht | S56: 0.3023 | U56: Gewicht | V56: 0.7843
C57: Anzahl | D57: =Muscle_Car!D57+Lamborghini!D57+McLaren!D57 -> 12 | F57: Anzahl | G57: =Muscle_Car!G57+Lamborghini!G57+McLaren!G57 -> 4 | I57: Anzahl | J57: =Muscle_Car!J57+Lamborghini!J57+McLaren!J57 -> 4 | L57: Anzahl | M57: =Muscle_Car!M57+Lamborghini!M57+McLaren!M57 -> 1 | O57: Anzahl | P57: =Muscle_Car!P57+Lamborghini!P57+McLaren!P57 -> 2 | R57: Anzahl | S57: =Muscle_Car!S57+Lamborghini!S57+McLaren!S57 -> 2 | U57: Anzahl | V57: =Muscle_Car!V57+Lamborghini!V57+McLaren!V57 -> 2
B59: Black Plate 1 x 2 | E59: Black Wedge, Plate 2 x 2 Left | H59: Dark Bluish Gray Plate 1 x 2 | K59: Light Bluish Gray Plate, Modified 2 x 2 with Wheels Holder Wide and Hole | N59: Metallic Gold Tile 1 x 1 with Groove | Q59: Trans-Clear Plate, Round 1 x 1 with Bar Handle on Short Stem | T59: Black Plate, Modified 1 x 2 with 1 Stud with Groove and Bottom Stud Holder (Jumper)
B60: #VALUE! | C60: Nr. | D60: 302326 | E60: #VALUE! | F60: Nr. | G60: 6141554 | H60: #VALUE! | I60: Nr. | J60: 4211063 | K60: #VALUE! | L60: Nr. | M60: 6387244 | N60: #VALUE! | O60: Nr. | P60: 6264167 | Q60: #VALUE! | R60: Nr. | S60: 6321083 | T60: #VALUE! | U60: Nr. | V60: 6092585
C61: Gewicht | D61: 0.3326 | F61: Gewicht | G61: 0.4525 | I61: Gewicht | J61: 0.3345 | L61: Gewicht | M61: 1.0692 | O61: Gewicht | P61: 0.1411 | R61: Gewicht | S61: 0.1428 | U61: Gewicht | V61: 0.283
C62: Anzahl | D62: =Muscle_Car!D62+Lamborghini!D62+McLaren!D62 -> 5 | F62: Anzahl | G62: =Muscle_Car!G62+Lamborghini!G62+McLaren!G62 -> 2 | I62: Anzahl | J62: =Muscle_Car!J62+Lamborghini!J62+McLaren!J62 -> 1 | L62: Anzahl | M62: =Muscle_Car!M62+Lamborghini!M62+McLaren!M62 -> 4 | O62: Anzahl | P62: =Muscle_Car!P62+Lamborghini!P62+McLaren!P62 -> 2 | R62: Anzahl | S62: =Muscle_Car!S62+Lamborghini!S62+McLaren!S62 -> 2 | U62: Anzahl | V62: =Muscle_Car!V62+Lamborghini!V62+McLaren!V62 -> 2
B64: Dark Orange Plate 2 x 6 | E64: Black Plate, Modified 1 x 2 with 2 Open 0 Clips (Horizontal Grip) | H64: White Plate, Modified 3 x 3 Cross | K64: Metallic Silver Tile 1 x 2 with Groove with Black Grille Pattern - 10 Bars | N64: Pearl Gold Bar 3L (Bar Arrow) | Q64: Black Wedge 2 x 1 x 2/3 Left | T64: Black Wedge 3 x 4 x 2/3 Curved with Coutout
B65: #VALUE! | C65: Nr. | D65: 4603745 | E65: #VALUE! | F65: Nr. | G65: 6310268 | H65: #VALUE! | I65: Nr. | J65: 6099412 | K65: #VALUE! | L65: Nr. | M65: 6242566 | N65: #VALUE! | O65: Nr. | P65: 6093529 | Q65: #VALUE! | R65: Nr. | S65: 6181720 | T65: #VALUE! | U65: Nr. | V65: 6179660
C66: Gewicht | D66: 1.6944 | F66: Gewicht | G66: 0.527 | I66: Gewicht | J66: 0.8617 | L66: Gewicht | M66: 0.2624 | O66: Gewicht | P66: 0.1981 | R66: Gewicht | S66: 0.2245 | U66: Gewicht | V66: 1.4171
C67: Anzahl | D67: =Muscle_Car!D67+Lamborghini!D67+McLaren!D67 -> 1 | F67: Anzahl | G67: =Muscle_Car!G67+Lamborghini!G67+McLaren!G67 -> 2 | I67: Anzahl | J67: =Muscle_Car!J67+Lamborghini!J67+McLaren!J67 -> 2 | L67: Anzahl | M67: =Muscle_Car!M67+Lamborghini!M67+McLaren!M67 -> 1 | O67: Anzahl | P67: =Muscle_Car!P67+Lamborghini!P67+McLaren!P67 -> 1 | R67: Anzahl | S67: =Muscle_Car!S67+Lamborghini!S67+McLaren!S67 -> 1 | U67: Anzahl | V67: =Muscle_Car!V67+Lamborghini!V67+McLaren!V67 -> 2
B69: Black Vehicle, Mudguard 2 x 4 with Arch Studded with Hole | E69: Black Tile, Modified 1 x 1 with Open 0 Clip | H69: Black Tile 2 x 2 with Groove | K69: Black Wedge 2 x 1 x 2/3 Right | N69: Black Plate, Modified 1 x 2 with Bar Handle on Side - Closed Ends | Q69: Black Slope, Curved 2 x 2 x 2/3 | T69: Black Panel 1 x 2 x 1 with Rounded Corners and Center Divider
B70: #VALUE! | C70: Nr. | D70: 4518608 | E70: #VALUE! | F70: Nr. | G70: 6335388 | H70: #VALUE! | I70: Nr. | J70: 306826 | K70: #VALUE! | L70: Nr. | M70: 6181713 | N70: #VALUE! | O70: Nr. | P70: 4225201 | Q70: #VALUE! | R70: Nr. | S70: 6053077 | T70: #VALUE! | U70: Nr. | V70: 6115086
C71: Gewicht | D71: 1.3141 | F71: Gewicht | G71: 0.21 | I71: Gewicht | J71: 0.472 | L71: Gewicht | M71: 0.2213 | O71: Gewicht | P71: 0.5356 | R71: Gewicht | S71: 0.5522 | U71: Gewicht | V71: 0.4686
C72: Anzahl | D72: =Muscle_Car!D72+Lamborghini!D72+McLaren!D72 -> 1 | F72: Anzahl | G72: =Muscle_Car!G72+Lamborghini!G72+McLaren!G72 -> 1 | I72: Anzahl | J72: =Muscle_Car!J72+Lamborghini!J72+McLaren!J72 -> 1 | L72: Anzahl | M72: =Muscle_Car!M72+Lamborghini!M72+McLaren!M72 -> 1 | O72: Anzahl | P72: =Muscle_Car!P72+Lamborghini!P72+McLaren!P72 -> 1 | R72: Anzahl | S72: =Muscle_Car!S72+Lamborghini!S72+McLaren!S72 -> 1 | U72: Anzahl | V72: =Muscle_Car!V72+Lamborghini!V72+McLaren!V72 -> 1
B74: Dark Bluish Gray Slope, Curved 2 x 2 x 2/3 | E74: Dark Bluish Gray Plate 2 x 4 | H74: Dark Bluish Gray Plate 2 x 8 | K74: X | N74: Zahnrad 100-000-003 | Q74: Sterngriff 100-000-004 | T74: Welle 100-000-002
B75: #VALUE! | C75: Nr. | D75: 6071261 | E75: #VALUE! | F75: Nr. | G75: 4211065 | H75: #VALUE! | I75: Nr. | J75: 4210997 | K75: / | L75: Nr. | M75: / | N75: #VALUE! | O75: Nr. | P75: R007005 | Q75: #VALUE! | R75: Nr. | S75: R007006 | T75: #VALUE! | U75: Nr. | V75: R007007
C76: Gewicht | D76: 0.5567 | F76: Gewicht | G76: 1.142 | I76: Gewicht | J76: 2.2164 | L76: Gewicht | M76: 0 | O76: Gewicht | P76: 11.8361 | R76: Gewicht | S76: 4.4545 | U76: Gewicht | V76: 4.6014
C77: Anzahl | D77: =Muscle_Car!D77+Lamborghini!D77+McLaren!D77 -> 2 | F77: Anzahl | G77: =Muscle_Car!G77+Lamborghini!G77+McLaren!G77 -> 1 | I77: Anzahl | J77: =Muscle_Car!J77+Lamborghini!J77+McLaren!J77 -> 1 | L77: Anzahl | M77: =Muscle_Car!M77+Lamborghini!M77+McLaren!M77 -> 0 | O77: Anzahl | P77: =Muscle_Car!P77+Lamborghini!P77+McLaren!P77 -> 0 | R77: Anzahl | S77: =Muscle_Car!S77+Lamborghini!S77+McLaren!S77 -> 0 | U77: Anzahl | V77: =Muscle_Car!V77+Lamborghini!V77+McLaren!V77 -> 0

Sheet Gesamtuebersicht_Verwendung
B2: Kommissioniersystem
B4: Linke Seite
B6: Blue Wedge 2 x 1 x 2/3 Left | E6: Blue Tile, Modified Facet 2 x 2 | H6: Blue Slope, Curved 4 x 1 x 2/3 Double | K6: Blue Slope, Curved 4 x 1 | N6: Blue Slope, Curved 2 x 1 x 2/3 | Q6: Blue Plate 1 x 2 | T6: Blue Brick, Modified 1 x 1 with Headlight
B7: #VALUE! | C7: Nr. | D7: 6172414 | E7: #VALUE! | F7: Nr. | G7: 6333512 | H7: #VALUE! | I7: Nr. | J7: 4649773 | K7: #VALUE! | L7: Nr. | M7: 6045938 | N7: #VALUE! | O7: Nr. | P7: 6055065 | Q7: #VALUE! | R7: Nr. | S7: 302323 | T7: #VALUE! | U7: Nr. | V7: 407023
C8: Gewicht | D8: 0.2242 | F8: Gewicht | G8: 0.3504 | I8: Gewicht | J8: 0.589 | L8: Gewicht | M8: 0.7661 | O8: Gewicht | P8: 0.306 | R8: Gewicht | S8: 0.334 | U8: Gewicht | V8: 0.3406
C9: Anzahl | D9: =IF(Muscle_Car!D9,IF(Lamborghini!D9,IF(McLaren!D9,3,2),IF(McLaren!D9,2,1)),IF(Lamborghini!D9,IF(McLaren!D9,2,1),IF(McLaren!D9,1,0))) -> 1 | F9: Anzahl | G9: =IF(Muscle_Car!G9,IF(Lamborghini!G9,IF(McLaren!G9,3,2),IF(McLaren!G9,2,1)),IF(Lamborghini!G9,IF(McLaren!G9,2,1),IF(McLaren!G9,1,0))) -> 1 | I9: Anzahl | J9: =IF(Muscle_Car!J9,IF(Lamborghini!J9,IF(McLaren!J9,3,2),IF(McLaren!J9,2,1)),IF(Lamborghini!J9,IF(McLaren!J9,2,1),IF(McLaren!J9,1,0))) -> 1 | L9: Anzahl | M9: =IF(Muscle_Car!M9,IF(Lamborghini!M9,IF(McLaren!M9,3,2),IF(McLaren!M9,2,1)),IF(Lamborghini!M9,IF(McLaren!M9,2,1),IF(McLaren!M9,1,0))) -> 1 | O9: Anzahl | P9: =IF(Muscle_Car!P9,IF(Lamborghini!P9,IF(McLaren!P9,3,2),IF(McLaren!P9,2,1)),IF(Lamborghini!P9,IF(McLaren!P9,2,1),IF(McLaren!P9,1,0))) -> 1 | R9: Anzahl | S9: =IF(Muscle_Car!S9,IF(Lamborghini!S9,IF(McLaren!S9,3,2),IF(McLaren!S9,2,1)),IF(Lamborghini!S9,IF(McLaren!S9,2,1),IF(McLaren!S9,1,0))) -> 1 | U9: Anzahl | V9: =IF(Muscle_Car!V9,IF(Lamborghini!V9,IF(McLaren!V9,3,2),IF(McLaren!V9,2,1)),IF(Lamborghini!V9,IF(McLaren!V9,2,1),IF(McLaren!V9,1,0))) -> 1
B11: Trans-Clear Slope 30 1 x 1 x 2/3 | E11: Black Plate, Round 1 x 1 | H11: Blue Slope 30 1 x 1 x 2/3 | K11: Blue Tile, Round 1 x 1 Quarter | N11: Black Tile 1 x 1 with Groove | Q11: Part 36841 Bracket 1 x 1 - 1 x 1 | T11: Blue Plate 2 x 2 Corner
B12: #VALUE! | C12: Nr. | D12: 6245250 | E12: #VALUE! | F12: Nr. | G12: 614126 | H12: #VALUE! | I12: Nr. | J12: 4296154 | K12: #VALUE! | L12: Nr. | M12: 6302961 | N12: #VALUE! | O12: Nr. | P12: 307026 | Q12: #VALUE! | R12: Nr. | S12: 6299338 | T12: #VALUE! | U12: Nr. | V12: 242023
C13: Gewicht | D13: 0.2116 | F13: Gewicht | G13: 0.1083 | I13: Gewicht | J13: 0.1835 | L13: Gewicht | M13: 0.1066 | O13: Gewicht | P13: 0.1436 | R13: Gewicht | S13: 0.2834 | U13: Gewicht | V13: 0.4974
C14: Anzahl | D14: =IF(Muscle_Car!D14,IF(Lamborghini!D14,IF(McLaren!D14,3,2),IF(McLaren!D14,2,1)),IF(Lamborghini!D14,IF(McLaren!D14,2,1),IF(McLaren!D14,1,0))) -> 1 | F14: Anzahl | G14: =IF(Muscle_Car!G14,IF(Lamborghini!G14,IF(McLaren!G14,3,2),IF(McLaren!G14,2,1)),IF(Lamborghini!G14,IF(McLaren!G14,2,1),IF(McLaren!G14,1,0))) -> 1 | I14: Anzahl | J14: =IF(Muscle_Car!J14,IF(Lamborghini!J14,IF(McLaren!J14,3,2),IF(McLaren!J14,2,1)),IF(Lamborghini!J14,IF(McLaren!J14,2,1),IF(McLaren!J14,1,0))) -> 1 | L14: Anzahl | M14: =IF(Muscle_Car!M14,IF(Lamborghini!M14,IF(McLaren!M14,3,2),IF(McLaren!M14,2,1)),IF(Lamborghini!M14,IF(McLaren!M14,2,1),IF(McLaren!M14,1,0))) -> 1 | O14: Anzahl | P14: =IF(Muscle_Car!P14,IF(Lamborghini!P14,IF(McLaren!P14,3,2),IF(McLaren!P14,2,1)),IF(Lamborghini!P14,IF(McLaren!P14,2,1),IF(McLaren!P14,1,0))) -> 2 | R14: Anzahl | S14: =IF(Muscle_Car!S14,IF(Lamborghini!S14,IF(McLaren!S14,3,2),IF(McLaren!S14,2,1)),IF(Lamborghini!S14,IF(McLaren!S14,2,1),IF(McLaren!S14,1,0))) -> 1 | U14: Anzahl | V14: =IF(Muscle_Car!V14,IF(Lamborghini!V14,IF(McLaren!V14,3,2),IF(McLaren!V14,2,1)),IF(Lamborghini!V14,IF(McLaren!V14,2,1),IF(McLaren!V14,1,0))) -> 1
B16: White Plate 1 x 2 | E16: White Plate 2 x 3 | H16: Yellow Plate, Round 1 x 1 | K16: Light Bluish Gray Plate, Modified with Wheel Holder | N16: Black Bracket 1 x 2 - 1 x 2 | Q16: Black Plate 3 x 3 | T16: Blue Slope 30 1 x 2 x 2/3
B17: #VALUE! | C17: Nr. | D17: 302301 | E17: #VALUE! | F17: Nr. | G17: 302101 | H17: #VALUE! | I17: Nr. | J17: 614124 | K17: #VALUE! | L17: Nr. | M17: 6125569 | N17: #VALUE! | O17: Nr. | P17: 6016172 | Q17: #VALUE! | R17: Nr. | S17: 6174917 | T17: #VALUE! | U17: Nr. | V17: 4651236
C18: Gewicht | D18: 0.3367 | F18: Gewicht | G18: 0.8767 | I18: Gewicht | J18: 0.1088 | L18: Gewicht | M18: 0.4478 | O18: Gewicht | P18: 0.5403 | R18: Gewicht | S18: 1.2561 | U18: Gewicht | V18: 0.2736
C19: Anzahl | D19: =IF(Muscle_Car!D19,IF(Lamborghini!D19,IF(McLaren!D19,3,2),IF(McLaren!D19,2,1)),IF(Lamborghini!D19,IF(McLaren!D19,2,1),IF(McLaren!D19,1,0))) -> 1 | F19: Anzahl | G19: =IF(Muscle_Car!G19,IF(Lamborghini!G19,IF(McLaren!G19,3,2),IF(McLaren!G19,2,1)),IF(Lamborghini!G19,IF(McLaren!G19,2,1),IF(McLaren!G19,1,0))) -> 1 | I19: Anzahl | J19: =IF(Muscle_Car!J19,IF(Lamborghini!J19,IF(McLaren!J19,3,2),IF(McLaren!J19,2,1)),IF(Lamborghini!J19,IF(McLaren!J19,2,1),IF(McLaren!J19,1,0))) -> 1 | L19: Anzahl | M19: =IF(Muscle_Car!M19,IF(Lamborghini!M19,IF(McLaren!M19,3,2),IF(McLaren!M19,2,1)),IF(Lamborghini!M19,IF(McLaren!M19,2,1),IF(McLaren!M19,1,0))) -> 1 | O19: Anzahl | P19: =IF(Muscle_Car!P19,IF(Lamborghini!P19,IF(McLaren!P19,3,2),IF(McLaren!P19,2,1)),IF(Lamborghini!P19,IF(McLaren!P19,2,1),IF(McLaren!P19,1,0))) -> 1 | R19: Anzahl | S19: =IF(Muscle_Car!S19,IF(Lamborghini!S19,IF(McLaren!S19,3,2),IF(McLaren!S19,2,1)),IF(Lamborghini!S19,IF(McLaren!S19,2,1),IF(McLaren!S19,1,0))) -> 1 | U19: Anzahl | V19: =IF(Muscle_Car!V19,IF(Lamborghini!V19,IF(McLaren!V19,3,2),IF(McLaren!V19,2,1)),IF(Lamborghini!V19,IF(McLaren!V19,2,1),IF(McLaren!V19,1,0))) -> 1
B21: Red Bracket 1 x 2 - 1 x 4 with Two Rounded Corners at the Bottom | E21: Trans-Red Tile, Modified 1 x 2 Grille with Bottom Groove / Lip | H21: Red Tile, Round 1 x 1 Quarter | K21: Red Tile, Modified 2 x 2 with Studs on Edge | N21: Red Slope, Curved 2 x 1 x 2/3 | Q21: Red Slope 45 2 x 1 with 2/3 Cutout | T21: Red Plate 1 x 4
B22: #VALUE! | C22: Nr. | D22: 6168619 | E22: #VALUE! | F22: Nr. | G22: 6250158 | H22: #VALUE! | I22: Nr. | J22: 6170390 | K22: #VALUE! | L22: Nr. | M22: 6219819 | N22: #VALUE! | O22: Nr. | P22: 6029946 | Q22: #VALUE! | R22: Nr. | S22: 6053011 | T22: #VALUE! | U22: Nr. | V22: 371021
C23: Gewicht | D23: 0.7817 | F23: Gewicht | G23: 0.2397 | I23: Gewicht | J23: 0.1071 | L23: Gewicht | M23: 0.5492 | O23: Gewicht | P23: 0.3011 | R23: Gewicht | S23: 0.4087 | U23: Gewicht | V23: 0.6503
C24: Anzahl | D24: =IF(Muscle_Car!D24,IF(Lamborghini!D24,IF(McLaren!D24,3,2),IF(McLaren!D24,2,1)),IF(Lamborghini!D24,IF(McLaren!D24,2,1),IF(McLaren!D24,1,0))) -> 1 | F24: Anzahl | G24: =IF(Muscle_Car!G24,IF(Lamborghini!G24,IF(McLaren!G24,3,2),IF(McLaren!G24,2,1)),IF(Lamborghini!G24,IF(McLaren!G24,2,1),IF(McLaren!G24,1,0))) -> 1 | I24: Anzahl | J24: =IF(Muscle_Car!J24,IF(Lamborghini!J24,IF(McLaren!J24,3,2),IF(McLaren!J24,2,1)),IF(Lamborghini!J24,IF(McLaren!J24,2,1),IF(McLaren!J24,1,0))) -> 1 | L24: Anzahl | M24: =IF(Muscle_Car!M24,IF(Lamborghini!M24,IF(McLaren!M24,3,2),IF(McLaren!M24,2,1)),IF(Lamborghini!M24,IF(McLaren!M24,2,1),IF(McLaren!M24,1,0))) -> 1 | O24: Anzahl | P24: =IF(Muscle_Car!P24,IF(Lamborghini!P24,IF(McLaren!P24,3,2),IF(McLaren!P24,2,1)),IF(Lamborghini!P24,IF(McLaren!P24,2,1),IF(McLaren!P24,1,0))) -> 1 | R24: Anzahl | S24: =IF(Muscle_Car!S24,IF(Lamborghini!S24,IF(McLaren!S24,3,2),IF(McLaren!S24,2,1)),IF(Lamborghini!S24,IF(McLaren!S24,2,1),IF(McLaren!S24,1,0))) -> 1 | U24: Anzahl | V24: =IF(Muscle_Car!V24,IF(Lamborghini!V24,IF(McLaren!V24,3,2),IF(McLaren!V24,2,1)),IF(Lamborghini!V24,IF(McLaren!V24,2,1),IF(McLaren!V24,1,0))) -> 1
B26: White Tile, Round 1 x 1 Half Circle Extended | E26: Light Bluish Gray Tile 1 x 1 with Groove | H26: Blue Wedge, Plate 2 x 2 Right | K26: Blue Wedge, Plate 2 x 2 Left | N26: Blue Tile 2 x 2 with Groove | Q26: Red Plate 1 x 2 | T26: Blue Wedge 2 x 1 x 2/3 Right
B27: #VALUE! | C27: Nr. | D27: 6131655 | E27: #VALUE! | F27: Nr. | G27: 4211415 | H27: #VALUE! | I27: Nr. | J27: 6189202 | K27: #VALUE! | L27: Nr. | M27: 6189198 | N27: #VALUE! | O27: Nr. | P27: 306823 | Q27: #VALUE! | R27: Nr. | S27: 302321 | T27: #VALUE! | U27: Nr. | V27: 6172411
C28: Gewicht | D28: 0.1257 | F28: Gewicht | G28: 0.1418 | I28: Gewicht | J28: 0.4511 | L28: Gewicht | M28: 0.4535 | O28: Gewicht | P28: 0.4796 | R28: Gewicht | S28: 0.3331 | U28: Gewicht | V28: 0.2242
C29: Anzahl | D29: =IF(Muscle_Car!D29,IF(Lamborghini!D29,IF(McLaren!D29,3,2),IF(McLaren!D29,2,1)),IF(Lamborghini!D29,IF(McLaren!D29,2,1),IF(McLaren!D29,1,0))) -> 1 | F29: Anzahl | G29: =IF(Muscle_Car!G29,IF(Lamborghini!G29,IF(McLaren!G29,3,2),IF(McLaren!G29,2,1)),IF(Lamborghini!G29,IF(McLaren!G29,2,1),IF(McLaren!G29,1,0))) -> 1 | I29: Anzahl | J29: =IF(Muscle_Car!J29,IF(Lamborghini!J29,IF(McLaren!J29,3,2),IF(McLaren!J29,2,1)),IF(Lamborghini!J29,IF(McLaren!J29,2,1),IF(McLaren!J29,1,0))) -> 1 | L29: Anzahl | M29: =IF(Muscle_Car!M29,IF(Lamborghini!M29,IF(McLaren!M29,3,2),IF(McLaren!M29,2,1)),IF(Lamborghini!M29,IF(McLaren!M29,2,1),IF(McLaren!M29,1,0))) -> 1 | O29: Anzahl | P29: =IF(Muscle_Car!P29,IF(Lamborghini!P29,IF(McLaren!P29,3,2),IF(McLaren!P29,2,1)),IF(Lamborghini!P29,IF(McLaren!P29,2,1),IF(McLaren!P29,1,0))) -> 1 | R29: Anzahl | S29: =IF(Muscle_Car!S29,IF(Lamborghini!S29,IF(McLaren!S29,3,2),IF(McLaren!S29,2,1)),IF(Lamborghini!S29,IF(McLaren!S29,2,1),IF(McLaren!S29,1,0))) -> 1 | U29: Anzahl | V29: =IF(Muscle_Car!V29,IF(Lamborghini!V29,IF(McLaren!V29,3,2),IF(McLaren!V29,2,1)),IF(Lamborghini!V29,IF(McLaren!V29,2,1),IF(McLaren!V29,1,0))) -> 1
B31: Blue Tile 1 x 2 with Groove | E31: Blue Plate 1 x 10 | H31: Black Tile, Modified 1 x 2 Grille with Bottom Groove / Lip | K31: Black Tile, 1 x 4 | N31: Red Slope, Curved 4 x 2 | Q31: Red Vehicla, Mudguard 2 x 4 with Arch Studded with Hole | T31: Red Wedge 3 x 4 x 2/3 Curved with Cutout
B32: #VALUE! | C32: Nr. | D32: 306923 | E32: #VALUE! | F32: Nr. | G32: 447723 | H32: #VALUE! | I32: Nr. | J32: 241226 | K32: #VALUE! | L32: Nr. | M32: 243126 | N32: #VALUE! | O32: Nr. | P32: 4613174 | Q32: #VALUE! | R32: Nr. | S32: 4518231 | T32: #VALUE! | U32: Nr. | V32: 6179656
C33: Gewicht | D33: 0.2575 | F33: Gewicht | G33: 1.6056 | I33: Gewicht | J33: 0.2158 | L33: Gewicht | M33: 0.5271 | O33: Gewicht | P33: 1.3333 | R33: Gewicht | S33: 1.3094 | U33: Gewicht | V33: 1.4239
C34: Anzahl | D34: =IF(Muscle_Car!D34,IF(Lamborghini!D34,IF(McLaren!D34,3,2),IF(McLaren!D34,2,1)),IF(Lamborghini!D34,IF(McLaren!D34,2,1),IF(McLaren!D34,1,0))) -> 1 | F34: Anzahl | G34: =IF(Muscle_Car!G34,IF(Lamborghini!G34,IF(McLaren!G34,3,2),IF(McLaren!G34,2,1)),IF(Lamborghini!G34,IF(McLaren!G34,2,1),IF(McLaren!G34,1,0))) -> 1 | I34: Anzahl | J34: =IF(Muscle_Car!J34,IF(Lamborghini!J34,IF(McLaren!J34,3,2),IF(McLaren!J34,2,1)),IF(Lamborghini!J34,IF(McLaren!J34,2,1),IF(McLaren!J34,1,0))) -> 1 | L34: Anzahl | M34: =IF(Muscle_Car!M34,IF(Lamborghini!M34,IF(McLaren!M34,3,2),IF(McLaren!M34,2,1)),IF(Lamborghini!M34,IF(McLaren!M34,2,1),IF(McLaren!M34,1,0))) -> 2 | O34: Anzahl | P34: =IF(Muscle_Car!P34,IF(Lamborghini!P34,IF(McLaren!P34,3,2),IF(McLaren!P34,2,1)),IF(Lamborghini!P34,IF(McLaren!P34,2,1),IF(McLaren!P34,1,0))) -> 1 | R34: Anzahl | S34: =IF(Muscle_Car!S34,IF(Lamborghini!S34,IF(McLaren!S34,3,2),IF(McLaren!S34,2,1)),IF(Lamborghini!S34,IF(McLaren!S34,2,1),IF(McLaren!S34,1,0))) -> 1 | U34: Anzahl | V34: =IF(Muscle_Car!V34,IF(Lamborghini!V34,IF(McLaren!V34,3,2),IF(McLaren!V34,2,1)),IF(Lamborghini!V34,IF(McLaren!V34,2,1),IF(McLaren!V34,1,0))) -> 1
B36: Lagerbock 100-000-001 | E36: Sicherungsring DIN 471 - 1,0 x 1,0 | H36: Sicherungsring DIN 472 - 30 x 1,2 | K36: Rillenkugellager DIN 625 - 6200 - P2 | N36: Gewindestift ISO 4027 - M4 x 6 - A5 - 45H | Q36: Black Plate 2 x 3 | T36: Black Brick, Modified 1 x 1 with Stud on Side
B37: #VALUE! | C37: Nr. | D37: L007001 | E37: #VALUE! | F37: Nr. | G37: L007002 | H37: #VALUE! | I37: Nr. | J37: L007003 | K37: #VALUE! | L37: Nr. | M37: L007004 | N37: #VALUE! | O37: Nr. | P37: L007005 | Q37: #VALUE! | R37: Nr. | S37: 302126 | T37: #VALUE! | U37: Nr. | V37: 4558954
C38: Gewicht | D38: 8.88 | F38: Gewicht | G38: 0.405 | I38: Gewicht | J38: 1.9188 | L38: Gewicht | M38: 30.775 | O38: Gewicht | P38: 0.2825 | R38: Gewicht | S38: 0.8589 | U38: Gewicht | V38: 0.4278
C39: Anzahl | D39: =IF(Muscle_Car!D39,IF(Lamborghini!D39,IF(McLaren!D39,3,2),IF(McLaren!D39,2,1)),IF(Lamborghini!D39,IF(McLaren!D39,2,1),IF(McLaren!D39,1,0))) -> 0 | F39: Anzahl | G39: =IF(Muscle_Car!G39,IF(Lamborghini!G39,IF(McLaren!G39,3,2),IF(McLaren!G39,2,1)),IF(Lamborghini!G39,IF(McLaren!G39,2,1),IF(McLaren!G39,1,0))) -> 0 | I39: Anzahl | J39: =IF(Muscle_Car!J39,IF(Lamborghini!J39,IF(McLaren!J39,3,2),IF(McLaren!J39,2,1)),IF(Lamborghini!J39,IF(McLaren!J39,2,1),IF(McLaren!J39,1,0))) -> 0 | L39: Anzahl | M39: =IF(Muscle_Car!M39,IF(Lamborghini!M39,IF(McLaren!M39,3,2),IF(McLaren!M39,2,1)),IF(Lamborghini!M39,IF(McLaren!M39,2,1),IF(McLaren!M39,1,0))) -> 0 | O39: Anzahl | P39: =IF(Muscle_Car!P39,IF(Lamborghini!P39,IF(McLaren!P39,3,2),IF(McLaren!P39,2,1)),IF(Lamborghini!P39,IF(McLaren!P39,2,1),IF(McLaren!P39,1,0))) -> 0 | R39: Anzahl | S39: =IF(Muscle_Car!S39,IF(Lamborghini!S39,IF(McLaren!S39,3,2),IF(McLaren!S39,2,1)),IF(Lamborghini!S39,IF(McLaren!S39,2,1),IF(McLaren!S39,1,0))) -> 1 | U39: Anzahl | V39: =IF(Muscle_Car!V39,IF(Lamborghini!V39,IF(McLaren!V39,3,2),IF(McLaren!V39,2,1)),IF(Lamborghini!V39,IF(McLaren!V39,2,1),IF(McLaren!V39,1,0))) -> 1
B42: Rechte Seite
B44: Black Bracket 1 x 2 - 1 x 4 with Two Rounded Corners at the Bottom | E44: Black Bracket 1 x 2 - 2 x 2 | H44: Black Plate 1 x 1 | K44: Part 54200 Slope 30 1 x 1 x 2/3 | N44: Dark Orange Plate Round 1 x 1 | Q44: Black Panel 1 x 1 x 1 Corner | T44: Red Plate 1 x 1
B45: #VALUE! | C45: Nr. | D45: 6168620 | E45: #VALUE! | F45: Nr. | G45: 6117973 | H45: #VALUE! | I45: Nr. | J45: 302426 | K45: #VALUE! | L45: Nr. | M45: 4287159 | N45: #VALUE! | O45: Nr. | P45: 6315782 | Q45: #VALUE! | R45: Nr. | S45: 4106347 | T45: #VALUE! | U45: Nr. | V45: 302421
C46: Gewicht | D46: 0.7731 | F46: Gewicht | G46: 0.7924 | I46: Gewicht | J46: 0.1745 | L46: Gewicht | M46: 0.1848 | O46: Gewicht | P46: 0.1043 | R46: Gewicht | S46: 0.2889 | U46: Gewicht | V46: 0.175
C47: Anzahl | D47: =IF(Muscle_Car!D47,IF(Lamborghini!D47,IF(McLaren!D47,3,2),IF(McLaren!D47,2,1)),IF(Lamborghini!D47,IF(McLaren!D47,2,1),IF(McLaren!D47,1,0))) -> 1 | F47: Anzahl | G47: =IF(Muscle_Car!G47,IF(Lamborghini!G47,IF(McLaren!G47,3,2),IF(McLaren!G47,2,1)),IF(Lamborghini!G47,IF(McLaren!G47,2,1),IF(McLaren!G47,1,0))) -> 1 | I47: Anzahl | J47: =IF(Muscle_Car!J47,IF(Lamborghini!J47,IF(McLaren!J47,3,2),IF(McLaren!J47,2,1)),IF(Lamborghini!J47,IF(McLaren!J47,2,1),IF(McLaren!J47,1,0))) -> 2 | L47: Anzahl | M47: =IF(Muscle_Car!M47,IF(Lamborghini!M47,IF(McLaren!M47,3,2),IF(McLaren!M47,2,1)),IF(Lamborghini!M47,IF(McLaren!M47,2,1),IF(McLaren!M47,1,0))) -> 1 | O47: Anzahl | P47: =IF(Muscle_Car!P47,IF(Lamborghini!P47,IF(McLaren!P47,3,2),IF(McLaren!P47,2,1)),IF(Lamborghini!P47,IF(McLaren!P47,2,1),IF(McLaren!P47,1,0))) -> 1 | R47: Anzahl | S47: =IF(Muscle_Car!S47,IF(Lamborghini!S47,IF(McLaren!S47,3,2),IF(McLaren!S47,2,1)),IF(Lamborghini!S47,IF(McLaren!S47,2,1),IF(McLaren!S47,1,0))) -> 1 | U47: Anzahl | V47: =IF(Muscle_Car!V47,IF(Lamborghini!V47,IF(McLaren!V47,3,2),IF(McLaren!V47,2,1)),IF(Lamborghini!V47,IF(McLaren!V47,2,1),IF(McLaren!V47,1,0))) -> 1
B49: Black Wheel 11mm 0. x 6mm with 8 'Y' Spokes | E49: Red Slope 30 1 x 2 x 2/3 | H49: Black Plate 1 x 4 | K49: Black Slope 30 1 x 2 x 2/3 | N49: Black Bracket 1 x 2 - 2 x 4 | Q49: Nougat Plate 2 x 4 | T49: Black Wedge, Plate 2 x 2 Right
B50: #VALUE! | C50: Nr. | D50: 4613162 | E50: #VALUE! | F50: Nr. | G50: 4651524 | H50: #VALUE! | I50: Nr. | J50: 371026 | K50: #VALUE! | L50: Nr. | M50: 4548180 | N50: #VALUE! | O50: Nr. | P50: 6118829 | Q50: #VALUE! | R50: Nr. | S50: 4497049 | T50: #VALUE! | U50: Nr. | V50: 6141556
C51: Gewicht | D51: 0.3292 | F51: Gewicht | G51: 0.3408 | I51: Gewicht | J51: 0.6427 | L51: Gewicht | M51: 0.3507 | O51: Gewicht | P51: 1.2711 | R51: Gewicht | S51: 1.1502 | U51: Gewicht | V51: 0.45
C52: Anzahl | D52: =IF(Muscle_Car!D52,IF(Lamborghini!D52,IF(McLaren!D52,3,2),IF(McLaren!D52,2,1)),IF(Lamborghini!D52,IF(McLaren!D52,2,1),IF(McLaren!D52,1,0))) -> 3 | F52: Anzahl | G52: =IF(Muscle_Car!G52,IF(Lamborghini!G52,IF(McLaren!G52,3,2),IF(McLaren!G52,2,1)),IF(Lamborghini!G52,IF(McLaren!G52,2,1),IF(McLaren!G52,1,0))) -> 1 | I52: Anzahl | J52: =IF(Muscle_Car!J52,IF(Lamborghini!J52,IF(McLaren!J52,3,2),IF(McLaren!J52,2,1)),IF(Lamborghini!J52,IF(McLaren!J52,2,1),IF(McLaren!J52,1,0))) -> 1 | L52: Anzahl | M52: =IF(Muscle_Car!M52,IF(Lamborghini!M52,IF(McLaren!M52,3,2),IF(McLaren!M52,2,1)),IF(Lamborghini!M52,IF(McLaren!M52,2,1),IF(McLaren!M52,1,0))) -> 1 | O52: Anzahl | P52: =IF(Muscle_Car!P52,IF(Lamborghini!P52,IF(McLaren!P52,3,2),IF(McLaren!P52,2,1)),IF(Lamborghini!P52,IF(McLaren!P52,2,1),IF(McLaren!P52,1,0))) -> 1 | R52: Anzahl | S52: =IF(Muscle_Car!S52,IF(Lamborghini!S52,IF(McLaren!S52,3,2),IF(McLaren!S52,2,1)),IF(Lamborghini!S52,IF(McLaren!S52,2,1),IF(McLaren!S52,1,0))) -> 1 | U52: Anzahl | V52: =IF(Muscle_Car!V52,IF(Lamborghini!V52,IF(McLaren!V52,3,2),IF(McLaren!V52,2,1)),IF(Lamborghini!V52,IF(McLaren!V52,2,1),IF(McLaren!V52,1,0))) -> 1
B54: Black Tire 14mm 0. x 6mm Solid Smooth | E54: Black Tile, Modified 2 x 2 with Studs on Edge | H54: Metallic Gold Tile 1 x 2 with Groove | K54: Black Tile 1 x 3 | N54: Black Plate 2 x 6 | Q54: Black Slope, Curved 2 x 1 x 2/3 | T54: White Bracket 1 x 2 - 1 x 4 with Two Rounded Corners at the Bottom
B55: #VALUE! | C55: Nr. | D55: 4246901 | E55: #VALUE! | F55: Nr. | G55: 6192346 | H55: #VALUE! | I55: Nr. | J55: 6265247 | K55: #VALUE! | L55: Nr. | M55: 4558170 | N55: #VALUE! | O55: Nr. | P55: 379526 | Q55: #VALUE! | R55: Nr. | S55: 6047276 | T55: #VALUE! | U55: Nr. | V55: 6168618
C56: Gewicht | D56: 0.3617 | F56: Gewicht | G56: 0.5422 | I56: Gewicht | J56: 0.2619 | L56: Gewicht | M56: 0.395 | O56: Gewicht | P56: 1.6467 | R56: Gewicht | S56: 0.3023 | U56: Gewicht | V56: 0.7843
C57: Anzahl | D57: =IF(Muscle_Car!D57,IF(Lamborghini!D57,IF(McLaren!D57,3,2),IF(McLaren!D57,2,1)),IF(Lamborghini!D57,IF(McLaren!D57,2,1),IF(McLaren!D57,1,0))) -> 3 | F57: Anzahl | G57: =IF(Muscle_Car!G57,IF(Lamborghini!G57,IF(McLaren!G57,3,2),IF(McLaren!G57,2,1)),IF(Lamborghini!G57,IF(McLaren!G57,2,1),IF(McLaren!G57,1,0))) -> 1 | I57: Anzahl | J57: =IF(Muscle_Car!J57,IF(Lamborghini!J57,IF(McLaren!J57,3,2),IF(McLaren!J57,2,1)),IF(Lamborghini!J57,IF(McLaren!J57,2,1),IF(McLaren!J57,1,0))) -> 1 | L57: Anzahl | M57: =IF(Muscle_Car!M57,IF(Lamborghini!M57,IF(McLaren!M57,3,2),IF(McLaren!M57,2,1)),IF(Lamborghini!M57,IF(McLaren!M57,2,1),IF(McLaren!M57,1,0))) -> 1 | O57: Anzahl | P57: =IF(Muscle_Car!P57,IF(Lamborghini!P57,IF(McLaren!P57,3,2),IF(McLaren!P57,2,1)),IF(Lamborghini!P57,IF(McLaren!P57,2,1),IF(McLaren!P57,1,0))) -> 1 | R57: Anzahl | S57: =IF(Muscle_Car!S57,IF(Lamborghini!S57,IF(McLaren!S57,3,2),IF(McLaren!S57,2,1)),IF(Lamborghini!S57,IF(McLaren!S57,2,1),IF(McLaren!S57,1,0))) -> 1 | U57: Anzahl | V57: =IF(Muscle_Car!V57,IF(Lamborghini!V57,IF(McLaren!V57,3,2),IF(McLaren!V57,2,1)),IF(Lamborghini!V57,IF(McLaren!V57,2,1),IF(McLaren!V57,1,0))) -> 1
B59: Black Plate 1 x 2 | E59: Black Wedge, Plate 2 x 2 Left | H59: Dark Bluish Gray Plate 1 x 2 | K59: Light Bluish Gray Plate, Modified 2 x 2 with Wheels Holder Wide and Hole | N59: Metallic Gold Tile 1 x 1 with Groove | Q59: Trans-Clear Plate, Round 1 x 1 with Bar Handle on Short Stem | T59: Black Plate, Modified 1 x 2 with 1 Stud with Groove and Bottom Stud Holder (Jumper)
B60: #VALUE! | C60: Nr. | D60: 302326 | E60: #VALUE! | F60: Nr. | G60: 6141554 | H60: #VALUE! | I60: Nr. | J60: 4211063 | K60: #VALUE! | L60: Nr. | M60: 6387244 | N60: #VALUE! | O60: Nr. | P60: 6264167 | Q60: #VALUE! | R60: Nr. | S60: 6321083 | T60: #VALUE! | U60: Nr. | V60: 6092585
C61: Gewicht | D61: 0.3326 | F61: Gewicht | G61: 0.4525 | I61: Gewicht | J61: 0.3345 | L61: Gewicht | M61: 1.0692 | O61: Gewicht | P61: 0.1411 | R61: Gewicht | S61: 0.1428 | U61: Gewicht | V61: 0.283
C62: Anzahl | D62: =IF(Muscle_Car!D62,IF(Lamborghini!D62,IF(McLaren!D62,3,2),IF(McLaren!D62,2,1)),IF(Lamborghini!D62,IF(McLaren!D62,2,1),IF(McLaren!D62,1,0))) -> 2 | F62: Anzahl | G62: =IF(Muscle_Car!G62,IF(Lamborghini!G62,IF(McLaren!G62,3,2),IF(McLaren!G62,2,1)),IF(Lamborghini!G62,IF(McLaren!G62,2,1),IF(McLaren!G62,1,0))) -> 1 | I62: Anzahl | J62: =IF(Muscle_Car!J62,IF(Lamborghini!J62,IF(McLaren!J62,3,2),IF(McLaren!J62,2,1)),IF(Lamborghini!J62,IF(McLaren!J62,2,1),IF(McLaren!J62,1,0))) -> 1 | L62: Anzahl | M62: =IF(Muscle_Car!M62,IF(Lamborghini!M62,IF(McLaren!M62,3,2),IF(McLaren!M62,2,1)),IF(Lamborghini!M62,IF(McLaren!M62,2,1),IF(McLaren!M62,1,0))) -> 2 | O62: Anzahl | P62: =IF(Muscle_Car!P62,IF(Lamborghini!P62,IF(McLaren!P62,3,2),IF(McLaren!P62,2,1)),IF(Lamborghini!P62,IF(McLaren!P62,2,1),IF(McLaren!P62,1,0))) -> 1 | R62: Anzahl | S62: =IF(Muscle_Car!S62,IF(Lamborghini!S62,IF(McLaren!S62,3,2),IF(McLaren!S62,2,1)),IF(Lamborghini!S62,IF(McLaren!S62,2,1),IF(McLaren!S62,1,0))) -> 1 | U62: Anzahl | V62: =IF(Muscle_Car!V62,IF(Lamborghini!V62,IF(McLaren!V62,3,2),IF(McLaren!V62,2,1)),IF(Lamborghini!V62,IF(McLaren!V62,2,1),IF(McLaren!V62,1,0))) -> 1
B64: Dark Orange Plate 2 x 6 | E64: Black Plate, Modified 1 x 2 with 2 Open 0 Clips (Horizontal Grip) | H64: White Plate, Modified 3 x 3 Cross | K64: Metallic Silver Tile 1 x 2 with Groove with Black Grille Pattern - 10 Bars | N64: Pearl Gold Bar 3L (Bar Arrow) | Q64: Black Wedge 2 x 1 x 2/3 Left | T64: Black Wedge 3 x 4 x 2/3 Curved with Coutout
B65: #VALUE! | C65: Nr. | D65: 4603745 | E65: #VALUE! | F65: Nr. | G65: 6310268 | H65: #VALUE! | I65: Nr. | J65: 6099412 | K65: #VALUE! | L65: Nr. | M65: 6242566 | N65: #VALUE! | O65: Nr. | P65: 6093529 | Q65: #VALUE! | R65: Nr. | S65: 6181720 | T65: #VALUE! | U65: Nr. | V65: 6179660
C66: Gewicht | D66: 1.6944 | F66: Gewicht | G66: 0.527 | I66: Gewicht | J66: 0.8617 | L66: Gewicht | M66: 0.2624 | O66: Gewicht | P66: 0.1981 | R66: Gewicht | S66: 0.2245 | U66: Gewicht | V66: 1.4171
C67: Anzahl | D67: =IF(Muscle_Car!D67,IF(Lamborghini!D67,IF(McLaren!D67,3,2),IF(McLaren!D67,2,1)),IF(Lamborghini!D67,IF(McLaren!D67,2,1),IF(McLaren!D67,1,0))) -> 1 | F67: Anzahl | G67: =IF(Muscle_Car!G67,IF(Lamborghini!G67,IF(McLaren!G67,3,2),IF(McLaren!G67,2,1)),IF(Lamborghini!G67,IF(McLaren!G67,2,1),IF(McLaren!G67,1,0))) -> 2 | I67: Anzahl | J67: =IF(Muscle_Car!J67,IF(Lamborghini!J67,IF(McLaren!J67,3,2),IF(McLaren!J67,2,1)),IF(Lamborghini!J67,IF(McLaren!J67,2,1),IF(McLaren!J67,1,0))) -> 1 | L67: Anzahl | M67: =IF(Muscle_Car!M67,IF(Lamborghini!M67,IF(McLaren!M67,3,2),IF(McLaren!M67,2,1)),IF(Lamborghini!M67,IF(McLaren!M67,2,1),IF(McLaren!M67,1,0))) -> 1 | O67: Anzahl | P67: =IF(Muscle_Car!P67,IF(Lamborghini!P67,IF(McLaren!P67,3,2),IF(McLaren!P67,2,1)),IF(Lamborghini!P67,IF(McLaren!P67,2,1),IF(McLaren!P67,1,0))) -> 1 | R67: Anzahl | S67: =IF(Muscle_Car!S67,IF(Lamborghini!S67,IF(McLaren!S67,3,2),IF(McLaren!S67,2,1)),IF(Lamborghini!S67,IF(McLaren!S67,2,1),IF(McLaren!S67,1,0))) -> 1 | U67: Anzahl | V67: =IF(Muscle_Car!V67,IF(Lamborghini!V67,IF(McLaren!V67,3,2),IF(McLaren!V67,2,1)),IF(Lamborghini!V67,IF(McLaren!V67,2,1),IF(McLaren!V67,1,0))) -> 2
B69: Black Vehicle, Mudguard 2 x 4 with Arch Studded with Hole | E69: Black Tile, Modified 1 x 1 with Open 0 Clip | H69: Black Tile 2 x 2 with Groove | K69: Black Wedge 2 x 1 x 2/3 Right | N69: Black Plate, Modified 1 x 2 with Bar Handle on Side - Closed Ends | Q69: Black Slope, Curved 2 x 2 x 2/3 | T69: Black Panel 1 x 2 x 1 with Rounded Corners and Center Divider
B70: #VALUE! | C70: Nr. | D70: 4518608 | E70: #VALUE! | F70: Nr. | G70: 6335388 | H70: #VALUE! | I70: Nr. | J70: 306826 | K70: #VALUE! | L70: Nr. | M70: 6181713 | N70: #VALUE! | O70: Nr. | P70: 4225201 | Q70: #VALUE! | R70: Nr. | S70: 6053077 | T70: #VALUE! | U70: Nr. | V70: 6115086
C71: Gewicht | D71: 1.3141 | F71: Gewicht | G71: 0.21 | I71: Gewicht | J71: 0.472 | L71: Gewicht | M71: 0.2213 | O71: Gewicht | P71: 0.5356 | R71: Gewicht | S71: 0.5522 | U71: Gewicht | V71: 0.4686
C72: Anzahl | D72: =IF(Muscle_Car!D72,IF(Lamborghini!D72,IF(McLaren!D72,3,2),IF(McLaren!D72,2,1)),IF(Lamborghini!D72,IF(McLaren!D72,2,1),IF(McLaren!D72,1,0))) -> 1 | F72: Anzahl | G72: =IF(Muscle_Car!G72,IF(Lamborghini!G72,IF(McLaren!G72,3,2),IF(McLaren!G72,2,1)),IF(Lamborghini!G72,IF(McLaren!G72,2,1),IF(McLaren!G72,1,0))) -> 1 | I72: Anzahl | J72: =IF(Muscle_Car!J72,IF(Lamborghini!J72,IF(McLaren!J72,3,2),IF(McLaren!J72,2,1)),IF(Lamborghini!J72,IF(McLaren!J72,2,1),IF(McLaren!J72,1,0))) -> 1 | L72: Anzahl | M72: =IF(Muscle_Car!M72,IF(Lamborghini!M72,IF(McLaren!M72,3,2),IF(McLaren!M72,2,1)),IF(Lamborghini!M72,IF(McLaren!M72,2,1),IF(McLaren!M72,1,0))) -> 1 | O72: Anzahl | P72: =IF(Muscle_Car!P72,IF(Lamborghini!P72,IF(McLaren!P72,3,2),IF(McLaren!P72,2,1)),IF(Lamborghini!P72,IF(McLaren!P72,2,1),IF(McLaren!P72,1,0))) -> 1 | R72: Anzahl | S72: =IF(Muscle_Car!S72,IF(Lamborghini!S72,IF(McLaren!S72,3,2),IF(McLaren!S72,2,1)),IF(Lamborghini!S72,IF(McLaren!S72,2,1),IF(McLaren!S72,1,0))) -> 1 | U72: Anzahl | V72: =IF(Muscle_Car!V72,IF(Lamborghini!V72,IF(McLaren!V72,3,2),IF(McLaren!V72,2,1)),IF(Lamborghini!V72,IF(McLaren!V72,2,1),IF(McLaren!V72,1,0))) -> 1
B74: Dark Bluish Gray Slope, Curved 2 x 2 x 2/3 | E74: Dark Bluish Gray Plate 2 x 4 | H74: Dark Bluish Gray Plate 2 x 8 | K74: X | N74: Zahnrad 100-000-003 | Q74: Sterngriff 100-000-004 | T74: Welle 100-000-002
B75: #VALUE! | C75: Nr. | D75: 6071261 | E75: #VALUE! | F75: Nr. | G75: 4211065 | H75: #VALUE! | I75: Nr. | J75: 4210997 | K75: / | L75: Nr. | M75: / | N75: #VALUE! | O75: Nr. | P75: R007005 | Q75: #VALUE! | R75: Nr. | S75: R007006 | T75: #VALUE! | U75: Nr. | V75: R007007
C76: Gewicht | D76: 0.5567 | F76: Gewicht | G76: 1.142 | I76: Gewicht | J76: 2.2164 | L76: Gewicht | M76: 0 | O76: Gewicht | P76: 11.8361 | R76: Gewicht | S76: 4.4545 | U76: Gewicht | V76: 4.6014
C77: Anzahl | D77: =IF(Muscle_Car!D77,IF(Lamborghini!D77,IF(McLaren!D77,3,2),IF(McLaren!D77,2,1)),IF(Lamborghini!D77,IF(McLaren!D77,2,1),IF(McLaren!D77,1,0))) -> 1 | F77: Anzahl | G77: =IF(Muscle_Car!G77,IF(Lamborghini!G77,IF(McLaren!G77,3,2),IF(McLaren!G77,2,1)),IF(Lamborghini!G77,IF(McLaren!G77,2,1),IF(McLaren!G77,1,0))) -> 1 | I77: Anzahl | J77: =IF(Muscle_Car!J77,IF(Lamborghini!J77,IF(McLaren!J77,3,2),IF(McLaren!J77,2,1)),IF(Lamborghini!J77,IF(McLaren!J77,2,1),IF(McLaren!J77,1,0))) -> 1 | L77: Anzahl | M77: =IF(Muscle_Car!M77,IF(Lamborghini!M77,IF(McLaren!M77,3,2),IF(McLaren!M77,2,1)),IF(Lamborghini!M77,IF(McLaren!M77,2,1),IF(McLaren!M77,1,0))) -> 0 | O77: Anzahl | P77: =IF(Muscle_Car!P77,IF(Lamborghini!P77,IF(McLaren!P77,3,2),IF(McLaren!P77,2,1)),IF(Lamborghini!P77,IF(McLaren!P77,2,1),IF(McLaren!P77,1,0))) -> 0 | R77: Anzahl | S77: =IF(Muscle_Car!S77,IF(Lamborghini!S77,IF(McLaren!S77,3,2),IF(McLaren!S77,2,1)),IF(Lamborghini!S77,IF(McLaren!S77,2,1),IF(McLaren!S77,1,0))) -> 0 | U77: Anzahl | V77: =IF(Muscle_Car!V77,IF(Lamborghini!V77,IF(McLaren!V77,3,2),IF(McLaren!V77,2,1)),IF(Lamborghini!V77,IF(McLaren!V77,2,1),IF(McLaren!V77,1,0))) -> 0
